nnz,fdr,tpr,fpr,precision,recall,F1,shd,sid,dataset,seed,n_nodes,n_edges,neighbourhood_n_nodes,max_cycle_length,max_ct_depth,max_path_length,max_c_set_size,search_depth,elapsed_bsaf_creation,elapsed_model_solution,is_converged,fact_ranking_method,model_ranking_method,num_edges_est,best_model,aba_elapsed,ranking_elapsed,best_I
23,0.5652,0.5882,0.3421,0.4348,0.5882,0.5,15.0,33.0,sachs,1428,11,17,4,4,1,3,9,5,335.3255717754364,4212.100807189941,True,v2,original_ranking,23,"[(9, 5), (6, 5), (9, 6), (1, 4), (10, 4), (8, 4), (1, 7), (0, 7), (10, 7), (1, 2), (0, 2), (8, 7), (8, 2), (3, 4), (3, 7), (0, 4), (3, 2), (8, 10), (8, 3), (1, 3), (0, 3), (10, 3), (1, 0)]",0.0801844596862793,79.63101482391357,224.1835338656546
22,0.8182,0.2353,0.4737,0.1818,0.2353,0.2051,22.0,48.0,sachs,8328,11,17,4,4,1,3,9,5,335.3255717754364,4208.686196565628,True,v2,original_ranking,22,"[(6, 5), (1, 2), (6, 9), (10, 2), (7, 2), (8, 2), (4, 2), (3, 2), (4, 8), (10, 8), (4, 0), (10, 0), (3, 0), (3, 8), (4, 1), (10, 1), (4, 7), (3, 7), (10, 7), (0, 1), (9, 5), (3, 10)]",0.0881431102752685,73.67764019966125,216.9675737770628
21,0.6667,0.4118,0.3684,0.3333,0.4118,0.3684,18.0,39.0,sachs,8289,11,17,4,4,1,3,9,5,335.3255717754364,4215.793410778046,True,v2,original_ranking,21,"[(5, 6), (9, 6), (4, 0), (8, 7), (4, 7), (8, 2), (1, 7), (10, 2), (10, 7), (1, 0), (10, 0), (2, 7), (4, 3), (1, 3), (8, 3), (10, 3), (9, 5), (1, 10), (1, 4), (8, 1), (10, 4)]",0.0705633163452148,66.63437557220459,192.73282604527057
23,0.7391,0.3529,0.4474,0.2609,0.3529,0.3,19.0,49.0,sachs,5978,11,17,4,4,1,3,9,5,335.3255717754364,4327.752332210541,True,v2,original_ranking,23,"[(8, 10), (3, 10), (8, 7), (3, 7), (8, 4), (3, 4), (3, 2), (8, 0), (3, 0), (8, 1), (3, 1), (2, 7), (0, 7), (10, 7), (6, 5), (1, 7), (0, 10), (0, 1), (6, 9), (9, 5), (1, 4), (1, 10), (3, 8)]",0.072014570236206,70.01219487190247,206.22110846467916
23,0.4783,0.7059,0.2895,0.5217,0.7059,0.6,13.0,35.0,sachs,5511,11,17,4,4,1,3,9,5,335.3255717754364,4271.491829156876,True,v2,original_ranking,23,"[(2, 4), (10, 4), (3, 4), (8, 4), (7, 4), (1, 4), (10, 1), (0, 1), (7, 1), (8, 1), (2, 1), (3, 1), (7, 3), (10, 3), (7, 0), (10, 0), (7, 8), (10, 8), (7, 2), (9, 5), (6, 5), (9, 6), (7, 10)]",0.08437418937683105,85.99930572509766,216.2951422952213
