nnz,fdr,tpr,fpr,precision,recall,F1,shd,sid_low,sid_high,dataset,seed,n_nodes,n_edges,neighbourhood_n_nodes,max_cycle_length,max_ct_depth,max_path_length,max_c_set_size,search_depth,elapsed_bsaf_creation,elapsed_model_solution,is_converged,fact_ranking_method,model_ranking_method,num_edges_est,best_model,aba_elapsed,ranking_elapsed,best_I
6,0.6667,0.1176,0.1053,0.3333,0.1176,0.1739,21.0,48.0,48.0,sachs,5864,11,17,4,4,1,3,9,12,332.2443029880524,4139.024697542191,True,v2,original_ranking,6,"[(8, 4), (1, 4), (3, 4), (8, 10), (1, 10), (3, 2)]",0.0780913829803466,58.26674723625183,-114.80848326509845
5,0.6,0.1176,0.0789,0.4,0.1176,0.1818,18.0,50.0,50.0,sachs,606,11,17,4,4,1,3,9,12,332.2443029880524,4135.861736536026,True,v2,original_ranking,5,"[(9, 5), (6, 5), (4, 2), (4, 7), (10, 7)]",0.0874807834625244,59.89026141166687,-65.0568159281014
4,0.25,0.1765,0.0263,0.75,0.1765,0.2857,15.0,50.0,50.0,sachs,1933,11,17,4,4,1,3,9,12,332.2443029880524,4145.433504104614,True,v2,original_ranking,4,"[(9, 5), (6, 5), (10, 3), (0, 3)]",0.0763351917266845,60.50136780738831,-143.3991192725758
8,0.875,0.0588,0.1842,0.125,0.0588,0.08,21.0,48.0,48.0,sachs,6071,11,17,4,4,1,3,9,12,332.2443029880524,4154.30672621727,True,v2,original_ranking,8,"[(3, 4), (1, 4), (3, 7), (9, 4), (1, 7), (8, 7), (5, 4), (5, 7)]",0.0791268348693847,59.861492395401,-15.262942089720449
6,0.6667,0.1176,0.1053,0.1667,0.0588,0.087,19.0,46.0,47.0,sachs,5504,11,17,4,4,1,3,9,12,332.24430298805237,4158.943564176559,True,v2,original_ranking,6,"[(6, 5), (8, 0), (10, 0), (3, 0), (8, 7), (10, 7)]",0.09619879722595215,70.55249190330505,-77.20663947880288
