nnz,fdr,tpr,fpr,precision,recall,F1,shd,sid_low,sid_high,dataset,seed,n_nodes,n_edges,neighbourhood_n_nodes,max_cycle_length,max_ct_depth,max_path_length,max_c_set_size,search_depth,elapsed_bsaf_creation,elapsed_model_solution,is_converged,fact_ranking_method,model_ranking_method,num_edges_est,best_model,aba_elapsed,ranking_elapsed,best_I
26,0.7308,0.4118,0.5,0.1923,0.2941,0.2326,27.0,43.0,51.0,sachs,5163,11,17,4,4,1,3,9,5,339.05198311805725,4214.169282913208,True,v2,original_ranking,26,"[(1, 10), (0, 10), (3, 10), (8, 2), (4, 2), (3, 2), (8, 10), (4, 7), (3, 7), (0, 7), (4, 10), (0, 2), (3, 6), (8, 7), (0, 8), (1, 7), (3, 8), (1, 8), (1, 4), (3, 0), (1, 0), (9, 5), (6, 7), (7, 2), (9, 6), (5, 6)]",0.0967483520507812,81.03259897232056,218.96082393814925
18,0.7778,0.2353,0.3684,0.0,0.0,,24.0,51.0,58.0,sachs,2406,11,17,4,4,1,3,9,5,339.05198311805725,4198.018026828766,True,v2,original_ranking,18,"[(6, 5), (4, 7), (9, 5), (1, 0), (9, 7), (4, 0), (1, 8), (9, 2), (1, 2), (9, 6), (1, 7), (9, 8), (9, 10), (1, 10), (4, 3), (1, 3), (9, 3), (1, 4)]",0.0905067920684814,102.88946032524107,213.38313330078063
16,0.875,0.1176,0.3684,0.0625,0.0588,0.0606,27.0,52.0,56.0,sachs,304,11,17,4,4,1,3,9,5,339.05198311805725,4216.205142259598,True,v2,original_ranking,16,"[(3, 0), (2, 0), (5, 10), (5, 0), (5, 1), (2, 1), (5, 8), (5, 4), (3, 4), (3, 1), (3, 8), (3, 10), (5, 7), (3, 7), (3, 2), (9, 6)]",0.0845606327056884,110.7825734615326,204.8528225342781
23,0.6522,0.4706,0.3947,0.1739,0.2353,0.2,22.0,32.0,54.0,sachs,3391,11,17,4,4,1,3,9,5,339.05198311805725,4207.412214517593,True,v2,original_ranking,23,"[(9, 5), (6, 5), (8, 2), (6, 9), (3, 2), (1, 2), (0, 2), (4, 7), (0, 7), (1, 7), (10, 7), (8, 7), (3, 7), (1, 4), (0, 4), (10, 4), (1, 8), (1, 3), (10, 3), (0, 3), (8, 3), (0, 10), (0, 1)]",0.0514469146728515,53.234150409698486,155.32122345479624
22,0.7273,0.3529,0.4211,0.0909,0.1176,0.1026,24.0,40.0,52.0,sachs,359,11,17,4,4,1,3,9,5,339.05198311805725,4213.600062131882,True,v2,original_ranking,22,"[(9, 6), (10, 0), (5, 6), (2, 0), (7, 0), (3, 0), (4, 0), (3, 2), (3, 10), (1, 10), (3, 8), (1, 8), (1, 4), (3, 5), (3, 7), (1, 7), (4, 2), (7, 2), (2, 10), (7, 8), (9, 5), (4, 7)]",0.10001111030578613,82.12776160240173,224.5586625007624
