nnz,fdr,tpr,fpr,precision,recall,F1,shd,sid,dataset,seed,n_nodes,n_edges,neighbourhood_n_nodes,max_cycle_length,max_ct_depth,max_path_length,max_c_set_size,search_depth,elapsed_bsaf_creation,elapsed_model_solution,is_converged,fact_ranking_method,model_ranking_method,num_edges_est,best_model,aba_elapsed,ranking_elapsed,best_I
3,1.0,0.0,0.0789,0.0,0.0,,19.0,55.0,sachs,183,11,17,4,4,1,3,9,12,328.55061316490173,4076.094037055969,True,v2,original_ranking,3,"[(2, 9), (5, 9), (2, 6)]",0.0445306301116943,35.90638613700867,-81.97201457468067
5,1.0,0.0,0.1316,0.0,0.0,,19.0,58.0,sachs,7977,11,17,4,4,1,3,9,12,328.55061316490173,4101.755589962006,True,v2,original_ranking,5,"[(4, 8), (10, 8), (1, 2), (4, 3), (1, 3)]",0.0831625461578369,63.935035705566406,-69.9638266621096
4,0.75,0.0588,0.0789,0.25,0.0588,0.0952,18.0,50.0,sachs,3199,11,17,4,4,1,3,9,12,328.55061316490173,4095.2285583019257,True,v2,original_ranking,4,"[(4, 10), (1, 0), (3, 0), (3, 10)]",0.072577953338623,63.11972689628601,-70.96705567720248
7,0.7143,0.1176,0.1316,0.2857,0.1176,0.1667,17.0,51.0,sachs,316,11,17,4,4,1,3,9,12,328.55061316490173,4089.031229019165,True,v2,original_ranking,7,"[(9, 5), (6, 5), (6, 7), (4, 7), (0, 7), (6, 3), (2, 7)]",0.0911643505096435,72.50790071487427,-67.59811577886417
7,0.7143,0.1176,0.1316,0.2857,0.1176,0.1667,20.0,46.0,sachs,8266,11,17,4,4,1,3,9,12,328.55061316490173,4120.529828071594,True,v2,original_ranking,7,"[(10, 2), (4, 2), (1, 2), (8, 2), (0, 2), (3, 2), (7, 2)]",0.0766909122467041,64.15596747398376,-15.925720377248501
