nnz,fdr,tpr,fpr,precision,recall,F1,shd,sid_low,sid_high,dataset,seed,n_nodes,n_edges,neighbourhood_n_nodes,max_cycle_length,max_ct_depth,max_path_length,max_c_set_size,search_depth,elapsed_bsaf_creation,elapsed_model_solution,is_converged,fact_ranking_method,model_ranking_method,num_edges_est,best_model,aba_elapsed,ranking_elapsed,best_I
7,0.7143,0.25,0.25,0.2857,0.25,0.2667,11.0,24.0,29.0,asia,9096,8,8,6,6,3,5,6,12,752.0110654830933,6111.202364444733,True,v2,original_ranking,7,"[(7, 1), (2, 1), (6, 1), (6, 0), (4, 1), (5, 1), (3, 1)]",0.0263247489929199,25.505991220474243,-17.07763483499424
9,0.8889,0.125,0.4,0.1111,0.125,0.1176,12.0,27.0,27.0,asia,3533,8,8,6,6,3,5,6,12,752.0110654830933,6262.479574918747,True,v2,original_ranking,9,"[(7, 3), (6, 3), (7, 2), (4, 2), (7, 5), (6, 2), (4, 5), (1, 3), (1, 5)]",0.0217821598052978,22.363340377807617,37.754156360983465
5,0.8,0.125,0.2,0.2,0.125,0.1538,10.0,25.0,25.0,asia,4125,8,8,6,6,3,5,6,12,752.0110654830933,6186.180989027023,True,v2,original_ranking,5,"[(7, 1), (2, 1), (3, 1), (6, 1), (5, 1)]",0.0199666023254394,20.144161224365234,-32.968508038636585
8,0.625,0.375,0.25,0.375,0.375,0.375,10.0,19.0,32.0,asia,3094,8,8,6,6,3,5,6,12,752.0110654830933,6238.686864614487,True,v2,original_ranking,8,"[(2, 1), (6, 1), (5, 1), (4, 1), (6, 0), (6, 3), (5, 3), (6, 7)]",0.024839162826538,25.904737949371334,10.000110907984704
7,0.7143,0.25,0.25,0.2857,0.25,0.2667,9.0,24.0,24.0,asia,6398,8,8,6,6,3,5,6,12,752.0110654830933,6313.132509469986,True,v2,original_ranking,7,"[(7, 3), (1, 3), (4, 3), (6, 1), (2, 1), (4, 1), (5, 1)]",0.021613121032714844,23.594231843948364,25.403429362110575
