nnz,fdr,tpr,fpr,precision,recall,F1,shd,sid,dataset,seed,n_nodes,n_edges,neighbourhood_n_nodes,max_cycle_length,max_ct_depth,max_path_length,max_c_set_size,search_depth,elapsed_bsaf_creation,elapsed_model_solution,is_converged,fact_ranking_method,model_ranking_method,num_edges_est,best_model,aba_elapsed,ranking_elapsed,best_I
9,1.0,0.0,0.0545,0.0,0.0,,33.0,338.0,child,1428,20,25,3,3,0,2,3,12,269.67504262924194,4423.073108911514,True,v2,original_ranking,9,"[(6, 1), (7, 1), (7, 19), (6, 19), (10, 1), (6, 9), (10, 9), (10, 19), (7, 9)]",3.822384834289551,826.8789436817169,-1920.3017358015973
8,1.0,0.0,0.0485,0.0,0.0,,33.0,308.0,child,8328,20,25,3,3,0,2,3,12,269.67504262924194,4508.331782102585,True,v2,original_ranking,8,"[(6, 13), (10, 13), (14, 13), (4, 13), (4, 19), (6, 19), (10, 9), (10, 19)]",5.16293215751648,992.8767549991608,-2462.921248786421
11,1.0,0.0,0.0667,0.0,0.0,,36.0,332.0,child,8289,20,25,3,3,0,2,3,12,269.67504262924194,4480.997042894363,True,v2,original_ranking,11,"[(10, 13), (11, 13), (15, 9), (15, 1), (15, 8), (6, 13), (7, 13), (15, 13), (10, 1), (15, 19), (11, 8)]",3.743019819259644,825.7087955474854,-2328.996502267369
8,1.0,0.0,0.0485,0.0,0.0,,33.0,355.0,child,5978,20,25,3,3,0,2,3,12,269.67504262924194,4493.870751619339,True,v2,original_ranking,8,"[(12, 1), (0, 1), (19, 1), (9, 1), (10, 1), (2, 1), (11, 1), (5, 1)]",3.1139979362487797,731.0440080165863,-2213.4217261188383
9,1.0,0.0,0.0545,0.0,0.0,,34.0,308.0,child,5511,20,25,3,3,0,2,3,12,269.67504262924194,4496.045985221863,True,v2,original_ranking,9,"[(10, 3), (4, 3), (12, 3), (4, 17), (7, 17), (16, 3), (12, 17), (6, 3), (6, 17)]",5.059300661087036,963.6954965591431,-2273.2593983400675
