nnz,fdr,tpr,fpr,precision,recall,F1,shd,sid,dataset,seed,n_nodes,n_edges,neighbourhood_n_nodes,max_cycle_length,max_ct_depth,max_path_length,max_c_set_size,search_depth,elapsed_bsaf_creation,elapsed_model_solution,is_converged,fact_ranking_method,model_ranking_method,num_edges_est,best_model,aba_elapsed,ranking_elapsed,best_I
12,0.8333,0.08,0.0606,0.1667,0.08,0.1081,33.0,282.0,child,1532,20,25,3,3,0,2,3,12,279.1437335014343,4734.055116176605,True,v2,original_ranking,12,"[(4, 17), (6, 17), (7, 17), (4, 15), (0, 17), (6, 15), (7, 15), (12, 15), (6, 16), (4, 16), (4, 13), (6, 14)]",3.449306011199951,779.8897457122803,-1814.6669129361107
10,1.0,0.0,0.0606,0.0,0.0,,35.0,300.0,child,1009,20,25,3,3,0,2,3,12,279.1437335014343,4738.773539543152,True,v2,original_ranking,10,"[(6, 19), (7, 19), (0, 19), (0, 9), (7, 13), (6, 13), (0, 13), (17, 19), (10, 19), (16, 19)]",5.559086322784424,1001.0635242462158,-2320.178985111529
12,1.0,0.0,0.0727,0.0,0.0,,37.0,318.0,child,2250,20,25,3,3,0,2,3,12,279.1437335014343,4733.856777191162,True,v2,original_ranking,12,"[(4, 19), (0, 19), (7, 19), (1, 19), (10, 19), (11, 19), (18, 19), (16, 19), (4, 13), (11, 13), (14, 19), (0, 13)]",4.363378286361694,819.5089335441589,-2619.0724787510653
12,1.0,0.0,0.0727,0.0,0.0,,37.0,321.0,child,4447,20,25,3,3,0,2,3,12,279.1437335014343,4652.830029726028,True,v2,original_ranking,12,"[(6, 9), (10, 9), (17, 9), (11, 9), (15, 9), (4, 9), (1, 9), (18, 9), (0, 9), (12, 9), (3, 9), (17, 7)]",5.475827932357788,965.9658148288728,-2350.571077795136
12,1.0,0.0,0.0727,0.0,0.0,,37.0,321.0,child,2415,20,25,3,3,0,2,3,12,279.1437335014343,4608.655406475067,True,v2,original_ranking,12,"[(7, 19), (0, 19), (12, 19), (17, 19), (6, 19), (9, 19), (18, 19), (4, 19), (8, 19), (15, 19), (14, 19), (11, 19)]",4.4995903968811035,837.5854737758636,-2202.0446751803443
