nnz,fdr,tpr,fpr,precision,recall,F1,shd,sid,dataset,seed,n_nodes,n_edges,neighbourhood_n_nodes,max_cycle_length,max_ct_depth,max_path_length,max_c_set_size,search_depth,elapsed_bsaf_creation,elapsed_model_solution,is_converged,fact_ranking_method,model_ranking_method,num_edges_est,best_model,aba_elapsed,ranking_elapsed,best_I
15,0.8,0.375,0.6,0.2,0.375,0.2609,15.0,18.0,asia,8823,8,8,6,6,3,5,6,5,755.5343761444092,6145.809020280838,True,v2,original_ranking,15,"[(7, 1), (3, 1), (4, 1), (2, 1), (6, 1), (3, 5), (2, 5), (7, 2), (3, 2), (4, 2), (7, 3), (6, 3), (6, 7), (4, 7), (4, 3)]",0.0241611003875732,10.587003231048584,82.1650972355804
15,0.8667,0.25,0.65,0.1333,0.25,0.1739,16.0,23.0,asia,4669,8,8,6,6,3,5,6,5,755.5343761444092,6070.9077661037445,True,v2,original_ranking,15,"[(5, 6), (0, 6), (2, 6), (4, 6), (1, 6), (3, 6), (7, 3), (0, 3), (5, 3), (7, 2), (1, 2), (5, 2), (5, 7), (4, 1), (4, 5)]",0.0261831283569335,11.9851336479187,84.0449186783822
11,0.7273,0.375,0.4,0.2727,0.375,0.3158,13.0,13.0,asia,6131,8,8,6,6,3,5,6,5,755.5343761444092,6328.9100506305695,True,v2,original_ranking,11,"[(6, 3), (5, 3), (5, 1), (6, 2), (5, 2), (6, 7), (5, 7), (5, 4), (7, 4), (4, 2), (1, 4)]",0.0226693153381347,13.835792303085327,82.89699147788902
13,0.8462,0.25,0.55,0.1538,0.25,0.1905,14.0,23.0,asia,2617,8,8,6,6,3,5,6,5,755.5343761444092,6343.69264960289,True,v2,original_ranking,13,"[(7, 1), (3, 1), (2, 1), (7, 3), (6, 3), (4, 7), (2, 7), (4, 3), (5, 6), (4, 6), (4, 2), (4, 5), (6, 2)]",0.0226194858551025,11.287341833114624,79.34922669104928
14,0.7857,0.375,0.55,0.2143,0.375,0.2727,14.0,31.0,asia,7166,8,8,6,6,3,5,6,5,755.5343761444092,5993.860860824585,True,v2,original_ranking,14,"[(5, 3), (2, 3), (5, 6), (2, 6), (5, 7), (2, 7), (5, 1), (2, 1), (5, 4), (2, 4), (4, 1), (0, 3), (0, 6), (5, 2)]",0.02599644660949707,14.07492446899414,80.92776250518432
