nnz,fdr,tpr,fpr,precision,recall,F1,shd,sid_low,sid_high,dataset,seed,n_nodes,n_edges,neighbourhood_n_nodes,max_cycle_length,max_ct_depth,max_path_length,max_c_set_size,search_depth,elapsed_bsaf_creation,elapsed_model_solution,is_converged,fact_ranking_method,model_ranking_method,num_edges_est,best_model,aba_elapsed,ranking_elapsed,best_I
14,0.7143,0.5,0.5,0.1429,0.25,0.1818,16.0,7.0,29.0,asia,1532,8,8,6,6,3,5,6,5,748.0300488471985,5954.606772661209,True,v2,original_ranking,14,"[(6, 1), (3, 1), (4, 1), (2, 1), (6, 3), (5, 3), (5, 7), (4, 7), (5, 2), (4, 2), (6, 2), (2, 7), (2, 3), (5, 4)]",0.0234134197235107,11.743574619293211,82.18320584250534
13,0.9231,0.125,0.6,0.0769,0.125,0.0952,16.0,39.0,40.0,asia,1009,8,8,6,6,3,5,6,5,748.0300488471985,6628.833527565002,True,v2,original_ranking,13,"[(2, 3), (0, 3), (2, 4), (0, 4), (2, 1), (0, 1), (2, 6), (0, 6), (2, 5), (2, 7), (0, 7), (1, 5), (4, 5)]",0.0223820209503173,14.001448154449465,68.68189899941343
19,0.7368,0.625,0.7,0.1053,0.25,0.1481,18.0,8.0,34.0,asia,2250,8,8,6,6,3,5,6,5,748.0300488471985,6253.628411769867,True,v2,original_ranking,19,"[(4, 1), (6, 7), (4, 7), (5, 7), (2, 1), (5, 1), (0, 7), (0, 1), (3, 7), (3, 1), (5, 2), (4, 2), (5, 0), (5, 6), (4, 6), (5, 3), (4, 3), (6, 0), (4, 5)]",0.0253663063049316,10.995445728302002,77.28735410535064
15,0.6667,0.625,0.5,0.3333,0.625,0.4348,15.0,10.0,27.0,asia,4447,8,8,6,6,3,5,6,5,748.0300488471985,5926.190252065659,True,v2,original_ranking,15,"[(5, 7), (1, 7), (4, 7), (6, 7), (6, 3), (4, 3), (7, 3), (2, 7), (1, 4), (5, 4), (2, 6), (2, 1), (2, 5), (6, 1), (6, 5)]",0.0280606746673584,12.60384488105774,84.90575626038307
15,0.7333,0.5,0.55,0.1333,0.25,0.1739,14.0,12.0,28.0,asia,2415,8,8,6,6,3,5,6,5,748.0300488471985,5863.146051645279,True,v2,original_ranking,15,"[(6, 2), (4, 2), (7, 2), (5, 2), (7, 3), (6, 3), (5, 3), (1, 3), (4, 3), (5, 6), (7, 6), (4, 1), (5, 1), (4, 7), (5, 4)]",0.02246236801147461,11.001745223999023,77.63409867508513
