nnz,fdr,tpr,fpr,precision,recall,F1,shd,sid,dataset,seed,n_nodes,n_edges,neighbourhood_n_nodes,max_cycle_length,max_ct_depth,max_path_length,max_c_set_size,search_depth,elapsed_bsaf_creation,elapsed_model_solution,is_converged,fact_ranking_method,model_ranking_method,num_edges_est,best_model,aba_elapsed,ranking_elapsed,best_I
12,1.0,0.0,0.0727,0.0,0.0,,37.0,305.0,child,183,20,25,3,3,0,2,3,12,263.9369068145752,4355.561460018158,True,v2,original_ranking,12,"[(0, 19), (10, 19), (15, 19), (6, 19), (18, 19), (0, 17), (0, 11), (6, 17), (18, 17), (0, 14), (0, 2), (6, 3)]",4.316001892089844,876.2400603294373,-2441.824529652102
9,1.0,0.0,0.0545,0.0,0.0,,34.0,324.0,child,7977,20,25,3,3,0,2,3,12,263.9369068145752,4340.732540369034,True,v2,original_ranking,9,"[(6, 19), (11, 19), (10, 19), (4, 19), (18, 19), (13, 19), (7, 19), (12, 19), (0, 19)]",2.892484426498413,703.0459399223328,-2198.2216448054355
12,0.9167,0.04,0.0667,0.0833,0.04,0.0541,35.0,308.0,child,3199,20,25,3,3,0,2,3,12,263.9369068145752,4354.862722635269,True,v2,original_ranking,12,"[(7, 17), (14, 17), (11, 17), (16, 17), (10, 17), (7, 13), (11, 13), (7, 2), (14, 2), (11, 2), (10, 2), (4, 2)]",4.829067707061768,917.8050558567048,-2252.921721420811
10,0.9,0.04,0.0545,0.1,0.04,0.0571,33.0,317.0,child,316,20,25,3,3,0,2,3,12,263.9369068145752,4354.895627737045,True,v2,original_ranking,10,"[(7, 13), (6, 13), (4, 13), (16, 13), (11, 13), (15, 13), (3, 13), (12, 13), (10, 13), (17, 13)]",5.880875825881958,944.7438991069794,-2113.8428620374784
11,0.8182,0.08,0.0545,0.1818,0.08,0.1111,32.0,317.0,child,8266,20,25,3,3,0,2,3,12,263.9369068145752,4357.662187099457,True,v2,original_ranking,11,"[(6, 14), (4, 14), (15, 14), (9, 14), (5, 14), (11, 14), (10, 14), (16, 14), (12, 14), (3, 14), (18, 14)]",3.3226945400238037,706.5659916400909,-2087.658996618877
