nnz,fdr,tpr,fpr,precision,recall,F1,shd,sid_low,sid_high,dataset,seed,n_nodes,n_edges,neighbourhood_n_nodes,max_cycle_length,max_ct_depth,max_path_length,max_c_set_size,search_depth,elapsed_bsaf_creation,elapsed_model_solution,is_converged,fact_ranking_method,model_ranking_method,num_edges_est,best_model,aba_elapsed,ranking_elapsed,best_I
12,0.8333,0.25,0.5,0.1667,0.25,0.2,16.0,15.0,15.0,asia,5864,8,8,6,6,3,5,6,12,754.3542428016663,5955.944571018219,True,v2,original_ranking,12,"[(5, 6), (4, 6), (5, 7), (4, 7), (5, 0), (4, 0), (5, 2), (4, 2), (5, 1), (4, 1), (5, 3), (4, 3)]",0.027864933013916,26.85383367538452,85.13579614395042
9,0.8889,0.125,0.4,0.1111,0.125,0.1176,15.0,19.0,19.0,asia,606,8,8,6,6,3,5,6,12,754.3542428016663,6113.398749828339,True,v2,original_ranking,9,"[(5, 6), (0, 6), (5, 7), (4, 7), (5, 2), (4, 2), (4, 6), (3, 1), (4, 1)]",0.0266461372375488,26.19515824317932,12.40446200103979
8,0.625,0.375,0.25,0.375,0.375,0.375,11.0,12.0,17.0,asia,1933,8,8,6,6,3,5,6,12,754.3542428016663,6182.720606803894,True,v2,original_ranking,8,"[(4, 7), (6, 7), (6, 0), (4, 1), (3, 1), (4, 2), (3, 2), (3, 7)]",0.0250461101531982,25.17564392089844,21.247210048138573
9,0.5556,0.5,0.25,0.3333,0.375,0.3529,9.0,7.0,21.0,asia,6071,8,8,6,6,3,5,6,12,754.3542428016663,6071.630059480667,True,v2,original_ranking,9,"[(6, 7), (4, 7), (4, 1), (6, 0), (6, 3), (4, 3), (6, 2), (4, 2), (4, 5)]",0.0249843597412109,25.16176724433899,92.56925936438934
6,0.5,0.375,0.15,0.3333,0.25,0.2857,8.0,26.0,28.0,asia,5504,8,8,6,6,3,5,6,12,754.3542428016663,6093.674591302872,True,v2,original_ranking,6,"[(4, 1), (2, 1), (5, 1), (7, 3), (6, 3), (3, 2)]",0.021332263946533203,22.93209958076477,22.698711295087794
