nnz,fdr,tpr,fpr,precision,recall,F1,shd,sid_low,sid_high,dataset,seed,n_nodes,n_edges,neighbourhood_n_nodes,max_cycle_length,max_ct_depth,max_path_length,max_c_set_size,search_depth,elapsed_bsaf_creation,elapsed_model_solution,is_converged,fact_ranking_method,model_ranking_method,num_edges_est,best_model,aba_elapsed,ranking_elapsed,best_I
6,0.5,0.1765,0.0789,0.5,0.1765,0.2609,16.0,48.0,48.0,sachs,9096,11,17,4,4,1,3,9,12,336.7428200244904,4167.647168636322,True,v2,original_ranking,6,"[(2, 3), (7, 3), (10, 3), (0, 3), (8, 3), (1, 3)]",0.0658135414123535,56.6767361164093,-9.671371230752763
5,0.4,0.1765,0.0526,0.6,0.1765,0.2727,16.0,48.0,48.0,sachs,3533,11,17,4,4,1,3,9,12,336.7428200244904,4171.528728961945,True,v2,original_ranking,5,"[(6, 5), (9, 5), (10, 2), (1, 2), (8, 2)]",0.0951228141784668,68.04057288169861,-168.18237505598177
2,0.0,0.1176,0.0,1.0,0.1176,0.2105,15.0,51.0,51.0,sachs,4125,11,17,4,4,1,3,9,12,336.7428200244904,4167.156840324402,True,v2,original_ranking,2,"[(9, 5), (6, 5)]",0.0840990543365478,60.986536502838135,-157.2512480679556
4,1.0,0.0,0.1053,0.0,0.0,,21.0,51.0,51.0,sachs,3094,11,17,4,4,1,3,9,12,336.7428200244904,4165.944497346878,True,v2,original_ranking,4,"[(3, 5), (3, 6), (8, 1), (2, 1)]",0.0617237091064453,49.09656739234924,-114.80666422521966
5,0.4,0.1765,0.0526,0.4,0.1176,0.1818,16.0,50.0,51.0,sachs,6398,11,17,4,4,1,3,9,12,336.74282002449036,4163.461068868637,True,v2,original_ranking,5,"[(1, 0), (1, 7), (3, 7), (9, 5), (6, 5)]",0.07020449638366699,55.68570351600647,-29.063988240884832
