nnz,fdr,tpr,fpr,precision,recall,F1,shd,sid_low,sid_high,dataset,seed,n_nodes,n_edges,neighbourhood_n_nodes,max_cycle_length,max_ct_depth,max_path_length,max_c_set_size,search_depth,elapsed_bsaf_creation,elapsed_model_solution,is_converged,fact_ranking_method,model_ranking_method,num_edges_est,best_model,aba_elapsed,ranking_elapsed,best_I
9,0.7778,0.08,0.0424,0.2222,0.08,0.1176,32.0,271.0,291.0,child,3595,20,25,3,3,0,2,3,12,278.24632453918457,4750.032949924469,True,v2,original_ranking,9,"[(6, 17), (6, 18), (7, 18), (6, 2), (7, 2), (6, 19), (7, 19), (6, 4), (7, 4)]",5.8484947681427,1018.4313049316406,-2092.8340720188435
8,1.0,0.0,0.0485,0.0,0.0,,33.0,319.0,319.0,child,4187,20,25,3,3,0,2,3,12,278.24632453918457,5427.643402338028,True,v2,original_ranking,8,"[(12, 14), (12, 8), (1, 8), (6, 14), (3, 8), (0, 14), (6, 8), (0, 8)]",6.4587225914001465,1043.1364350318909,-2648.846825951631
9,0.8889,0.04,0.0485,0.1111,0.04,0.0588,32.0,352.0,352.0,child,4135,20,25,3,3,0,2,3,12,278.24632453918457,6611.721193313599,True,v2,original_ranking,9,"[(4, 1), (19, 1), (0, 1), (11, 1), (10, 1), (3, 1), (4, 14), (19, 14), (10, 14)]",4.276335716247559,897.8062436580658,-2037.6302590671576
9,1.0,0.0,0.0545,0.0,0.0,,34.0,325.0,325.0,child,5174,20,25,3,3,0,2,3,12,278.24632453918457,7030.344470262528,True,v2,original_ranking,9,"[(10, 17), (6, 17), (0, 17), (14, 17), (1, 17), (8, 17), (19, 17), (13, 17), (18, 17)]",8.376457929611206,1170.266759634018,-2776.2479020886267
11,1.0,0.0,0.0667,0.0,0.0,,36.0,319.0,319.0,child,5303,20,25,3,3,0,2,3,12,278.24632453918457,7955.213974714279,True,v2,original_ranking,11,"[(7, 9), (5, 9), (6, 9), (0, 9), (10, 9), (11, 9), (15, 9), (14, 9), (12, 9), (16, 9), (3, 9)]",6.520677804946899,1101.6260812282562,-2981.5371773690276
