nnz,fdr,tpr,fpr,precision,recall,F1,shd,sid_low,sid_high,dataset,seed,n_nodes,n_edges,neighbourhood_n_nodes,max_cycle_length,max_ct_depth,max_path_length,max_c_set_size,search_depth,elapsed_bsaf_creation,elapsed_model_solution,is_converged,fact_ranking_method,model_ranking_method,num_edges_est,best_model,aba_elapsed,ranking_elapsed,best_I
2,0.0,0.1176,0.0,1.0,0.1176,0.2105,15.0,51.0,51.0,sachs,1428,11,17,4,4,1,3,9,12,388.5530171394348,4229.408805370331,True,v2,original_ranking,2,"[(9, 5), (6, 5)]",0.0818138122558593,61.70801281929016,-176.55070861786768
2,0.5,0.0588,0.0263,0.0,0.0,,17.0,51.0,52.0,sachs,8328,11,17,4,4,1,3,9,12,388.5530171394348,4317.6137318611145,True,v2,original_ranking,2,"[(6, 5), (1, 2)]",0.0904481410980224,64.67850112915039,-167.80371907046006
2,0.5,0.0588,0.0263,0.5,0.0588,0.1053,16.0,52.0,52.0,sachs,8289,11,17,4,4,1,3,9,12,388.5530171394348,4195.048400878906,True,v2,original_ranking,2,"[(5, 6), (9, 6)]",0.0723509788513183,53.79519176483154,-139.48940995396282
7,0.5714,0.1765,0.1053,0.4286,0.1765,0.25,19.0,46.0,46.0,sachs,5978,11,17,4,4,1,3,9,12,388.5530171394348,4155.690092802048,True,v2,original_ranking,7,"[(8, 10), (3, 10), (8, 7), (3, 7), (8, 4), (3, 4), (3, 2)]",0.0737984180450439,58.110934019088745,18.9159792906123
8,0.75,0.1176,0.1579,0.25,0.1176,0.16,20.0,45.0,45.0,sachs,5511,11,17,4,4,1,3,9,12,388.5530171394348,4145.1275272369385,True,v2,original_ranking,8,"[(2, 4), (10, 4), (3, 4), (8, 4), (7, 4), (1, 4), (10, 1), (0, 1)]",0.08948421478271484,67.91801714897156,-20.664437041292963
