nnz,fdr,tpr,fpr,precision,recall,F1,shd,sid,dataset,seed,n_nodes,n_edges,neighbourhood_n_nodes,max_cycle_length,max_ct_depth,max_path_length,max_c_set_size,search_depth,elapsed_bsaf_creation,elapsed_model_solution,is_converged,fact_ranking_method,model_ranking_method,num_edges_est,best_model,aba_elapsed,ranking_elapsed,best_I
11,0.9091,0.04,0.0606,0.0909,0.04,0.0556,34.0,292.0,child,5864,20,25,3,3,0,2,3,12,290.5650331974029,4466.901560783386,True,v2,original_ranking,11,"[(12, 9), (4, 9), (6, 9), (16, 9), (0, 9), (10, 9), (16, 17), (11, 17), (16, 19), (11, 19), (16, 14)]",3.3247857093811035,732.4649195671082,-2077.23393102764
7,0.5714,0.12,0.0242,0.4286,0.12,0.1875,26.0,313.0,child,606,20,25,3,3,0,2,3,12,290.5650331974029,4456.053199768066,True,v2,original_ranking,7,"[(18, 8), (4, 14), (2, 8), (11, 14), (10, 14), (15, 14), (4, 12)]",4.654296159744263,861.2562792301178,-1991.1978484569663
10,1.0,0.0,0.0606,0.0,0.0,,35.0,316.0,child,1933,20,25,3,3,0,2,3,12,290.5650331974029,5462.406372785568,True,v2,original_ranking,10,"[(4, 17), (6, 17), (7, 17), (4, 9), (1, 9), (10, 17), (4, 5), (7, 9), (6, 9), (4, 13)]",3.439036130905152,774.1087238788605,-2301.869234215184
9,0.7778,0.08,0.0424,0.2222,0.08,0.1176,30.0,302.0,child,6071,20,25,3,3,0,2,3,12,290.5650331974029,5308.268334388733,True,v2,original_ranking,9,"[(16, 5), (16, 2), (12, 5), (16, 9), (10, 5), (11, 9), (0, 5), (10, 18), (11, 18)]",6.41282057762146,1070.8139271736145,-1956.807633747109
9,0.8889,0.04,0.0485,0.1111,0.04,0.0588,32.0,317.0,child,5504,20,25,3,3,0,2,3,12,290.56503319740295,5377.624115228653,True,v2,original_ranking,9,"[(7, 9), (1, 9), (7, 17), (15, 17), (4, 17), (16, 8), (15, 8), (7, 8), (6, 17)]",5.6262428760528564,1035.8260114192963,-2312.842563024134
