nnz,fdr,tpr,fpr,precision,recall,F1,shd,sid,dataset,seed,n_nodes,n_edges,neighbourhood_n_nodes,max_cycle_length,max_ct_depth,max_path_length,max_c_set_size,search_depth,elapsed_bsaf_creation,elapsed_model_solution,is_converged,fact_ranking_method,model_ranking_method,num_edges_est,best_model,aba_elapsed,ranking_elapsed,best_I
15,0.8667,0.25,0.65,0.1333,0.25,0.1739,16.0,20.0,asia,9096,8,8,6,6,3,5,6,5,744.8784091472626,5859.974605321884,True,v2,original_ranking,15,"[(7, 1), (2, 1), (6, 1), (6, 0), (4, 1), (6, 3), (5, 3), (6, 7), (5, 7), (4, 7), (4, 3), (6, 2), (4, 2), (5, 2), (4, 5)]",0.0268659591674804,13.48531174659729,83.6725170938765
14,0.7857,0.375,0.55,0.2143,0.375,0.2727,13.0,21.0,asia,3533,8,8,6,6,3,5,6,5,744.8784091472626,5878.424993276596,True,v2,original_ranking,14,"[(7, 3), (6, 3), (7, 2), (4, 2), (7, 5), (6, 2), (4, 5), (1, 5), (1, 2), (4, 3), (4, 6), (7, 6), (4, 7), (1, 4)]",0.0221414566040039,10.102998971939089,70.81529896885095
12,0.75,0.375,0.45,0.25,0.375,0.3,11.0,16.0,asia,4125,8,8,6,6,3,5,6,5,744.8784091472626,5825.120249271393,True,v2,original_ranking,12,"[(7, 1), (2, 1), (6, 1), (5, 2), (3, 2), (4, 2), (7, 3), (6, 3), (4, 3), (4, 7), (4, 5), (6, 7)]",0.0201525688171386,9.462671279907228,75.59722087150465
16,0.8125,0.375,0.65,0.1875,0.375,0.25,15.0,14.0,asia,3094,8,8,6,6,3,5,6,5,744.8784091472626,5879.123444318771,True,v2,original_ranking,16,"[(3, 1), (7, 1), (2, 1), (5, 1), (4, 1), (6, 0), (6, 3), (5, 3), (6, 7), (5, 7), (6, 2), (5, 2), (5, 4), (4, 7), (4, 2), (2, 3)]",0.0251390933990478,11.556114673614502,81.41564095881071
16,0.8125,0.375,0.65,0.1875,0.375,0.25,15.0,29.0,asia,6398,8,8,6,6,3,5,6,5,744.8784091472626,5984.424503326416,True,v2,original_ranking,16,"[(7, 3), (6, 3), (5, 3), (2, 3), (4, 3), (6, 1), (2, 1), (4, 1), (5, 6), (5, 7), (4, 7), (2, 6), (2, 7), (2, 4), (5, 2), (5, 4)]",0.02183675765991211,11.70634913444519,72.24502047910461
