nnz,fdr,tpr,fpr,precision,recall,F1,shd,sid,dataset,seed,n_nodes,n_edges,neighbourhood_n_nodes,max_cycle_length,max_ct_depth,max_path_length,max_c_set_size,search_depth,elapsed_bsaf_creation,elapsed_model_solution,is_converged,fact_ranking_method,model_ranking_method,num_edges_est,best_model,aba_elapsed,ranking_elapsed,best_I
23,0.3913,0.8235,0.2368,0.6087,0.8235,0.7,11.0,10.0,sachs,8823,11,17,4,4,1,3,9,5,340.21187925338745,4221.431289672852,True,v2,original_ranking,23,"[(9, 5), (6, 5), (9, 6), (3, 1), (7, 1), (3, 0), (7, 0), (8, 1), (8, 0), (8, 4), (3, 4), (8, 2), (7, 2), (3, 2), (7, 4), (8, 10), (3, 10), (7, 10), (2, 0), (2, 1), (10, 0), (8, 3), (8, 7)]",0.0741438865661621,82.902517080307,193.26036650002203
26,0.8077,0.2941,0.5526,0.1923,0.2941,0.2326,21.0,46.0,sachs,4669,11,17,4,4,1,3,9,5,340.21187925338745,4198.343201160431,True,v2,original_ranking,26,"[(5, 9), (6, 9), (2, 3), (8, 3), (7, 3), (10, 3), (0, 3), (1, 3), (5, 6), (10, 8), (0, 8), (4, 8), (7, 8), (1, 8), (2, 8), (1, 0), (4, 0), (7, 0), (1, 4), (10, 4), (2, 4), (10, 1), (4, 7), (10, 7), (1, 7), (2, 7)]",0.0720305442810058,61.080212354660034,173.54475540655787
22,0.6364,0.4706,0.3684,0.3636,0.4706,0.4103,18.0,37.0,sachs,6131,11,17,4,4,1,3,9,5,340.21187925338745,4191.100501060486,True,v2,original_ranking,22,"[(6, 5), (9, 5), (8, 2), (0, 2), (8, 10), (0, 10), (8, 7), (0, 7), (4, 7), (1, 10), (1, 7), (8, 3), (0, 3), (8, 4), (0, 4), (8, 1), (0, 1), (4, 2), (3, 10), (1, 4), (4, 3), (9, 6)]",0.0738265514373779,72.89804434776306,185.5123655617636
24,0.5417,0.6471,0.3421,0.4583,0.6471,0.5366,14.0,34.0,sachs,2617,11,17,4,4,1,3,9,5,340.21187925338745,4169.334005832672,True,v2,original_ranking,24,"[(9, 5), (6, 5), (3, 0), (2, 0), (10, 0), (1, 0), (7, 0), (4, 10), (7, 10), (8, 10), (3, 10), (7, 1), (3, 1), (2, 1), (8, 1), (7, 4), (6, 9), (3, 4), (2, 4), (8, 4), (7, 2), (7, 8), (3, 8), (3, 7)]",0.0746295452117919,70.13577008247375,188.3862871128784
20,0.7,0.3529,0.3684,0.3,0.3529,0.3243,16.0,50.0,sachs,7166,11,17,4,4,1,3,9,5,340.21187925338745,4211.848721504211,True,v2,original_ranking,20,"[(4, 7), (0, 7), (8, 7), (3, 7), (2, 7), (1, 7), (10, 7), (3, 0), (8, 0), (9, 5), (1, 10), (8, 10), (1, 0), (3, 10), (9, 6), (1, 4), (6, 5), (3, 8), (1, 8), (1, 3)]",0.04764509201049805,55.38832664489746,139.29760095778735
