nnz,fdr,tpr,fpr,precision,recall,F1,shd,sid_low,sid_high,dataset,seed,n_nodes,n_edges,neighbourhood_n_nodes,max_cycle_length,max_ct_depth,max_path_length,max_c_set_size,search_depth,elapsed_bsaf_creation,elapsed_model_solution,is_converged,fact_ranking_method,model_ranking_method,num_edges_est,best_model,aba_elapsed,ranking_elapsed,best_I
12,0.9167,0.04,0.0667,0.0833,0.04,0.0541,35.0,317.0,317.0,child,7816,20,25,3,3,0,2,3,12,260.7039768695832,4644.386761188507,True,v2,original_ranking,12,"[(6, 17), (16, 17), (10, 17), (15, 17), (14, 17), (12, 17), (11, 17), (5, 17), (7, 17), (8, 17), (1, 17), (4, 17)]",3.2593085765838623,756.3176689147949,-1618.9303466031547
11,1.0,0.0,0.0667,0.0,0.0,,35.0,325.0,325.0,child,3578,20,25,3,3,0,2,3,12,260.7039768695832,4850.902369499207,True,v2,original_ranking,11,"[(9, 5), (13, 5), (12, 5), (1, 5), (7, 5), (6, 5), (3, 5), (18, 5), (2, 5), (10, 5), (19, 5)]",3.7615137100219727,870.7868294715881,-1893.261998124534
11,0.9091,0.04,0.0606,0.0909,0.04,0.0556,34.0,336.0,336.0,child,2656,20,25,3,3,0,2,3,12,260.7039768695832,4819.480484008789,True,v2,original_ranking,11,"[(7, 1), (11, 1), (15, 1), (4, 14), (15, 14), (7, 14), (11, 14), (0, 1), (4, 1), (9, 14), (7, 19)]",4.615734815597534,944.08718085289,-1991.9813685814968
7,1.0,0.0,0.0424,0.0,0.0,,32.0,300.0,320.0,child,2688,20,25,3,3,0,2,3,12,260.7039768695832,4521.796946763992,True,v2,original_ranking,7,"[(6, 13), (10, 13), (4, 13), (6, 3), (15, 13), (16, 13), (6, 8)]",4.025478363037109,815.150149345398,-1860.547988271477
10,0.9,0.04,0.0545,0.1,0.04,0.0571,33.0,291.0,291.0,child,2494,20,25,3,3,0,2,3,12,260.70397686958313,4422.992920637131,True,v2,original_ranking,10,"[(6, 5), (0, 5), (1, 13), (0, 13), (0, 12), (6, 13), (6, 12), (1, 12), (11, 13), (11, 12)]",3.898777961730957,830.8299753665924,-2098.0025541326013
