nnz,fdr,tpr,fpr,precision,recall,F1,shd,sid,dataset,seed,n_nodes,n_edges,neighbourhood_n_nodes,max_cycle_length,max_ct_depth,max_path_length,max_c_set_size,search_depth,elapsed_bsaf_creation,elapsed_model_solution,is_converged,fact_ranking_method,model_ranking_method,num_edges_est,best_model,aba_elapsed,ranking_elapsed,best_I
24,0.7083,0.4118,0.4474,0.2917,0.4118,0.3415,22.0,44.0,sachs,3595,11,17,4,4,1,3,9,5,373.52014422416687,4843.329392433167,True,v2,original_ranking,24,"[(9, 5), (6, 5), (0, 10), (1, 10), (3, 10), (2, 10), (7, 10), (4, 10), (8, 10), (0, 7), (3, 7), (0, 4), (1, 7), (3, 4), (1, 4), (1, 2), (0, 8), (3, 2), (1, 8), (3, 8), (3, 1), (3, 0), (1, 0), (9, 6)]",0.0720117092132568,65.18822455406189,185.02108717333297
21,0.9048,0.1176,0.5,0.0952,0.1176,0.1053,29.0,51.0,sachs,4187,11,17,4,4,1,3,9,5,373.52014422416687,4900.56195807457,True,v2,original_ranking,21,"[(6, 5), (4, 7), (0, 7), (0, 8), (6, 7), (6, 8), (1, 8), (1, 7), (6, 3), (4, 3), (1, 3), (0, 10), (4, 10), (4, 2), (0, 2), (1, 2), (0, 3), (9, 5), (4, 1), (0, 1), (0, 4)]",0.0689034461975097,80.85596585273743,148.72720515306924
18,0.7778,0.2353,0.3684,0.2222,0.2353,0.2286,25.0,38.0,sachs,4135,11,17,4,4,1,3,9,5,373.52014422416687,4705.609204769135,True,v2,original_ranking,18,"[(8, 0), (3, 0), (10, 5), (10, 6), (10, 9), (8, 4), (3, 4), (10, 0), (3, 7), (10, 7), (8, 7), (3, 2), (8, 1), (10, 1), (3, 1), (8, 3), (2, 1), (4, 1)]",0.0937080383300781,100.26051139831544,199.7192466500524
20,0.6,0.4706,0.3158,0.4,0.4706,0.4324,17.0,43.0,sachs,5174,11,17,4,4,1,3,9,5,373.52014422416687,4579.263417482376,True,v2,original_ranking,20,"[(1, 10), (8, 10), (0, 10), (7, 10), (3, 10), (9, 5), (4, 7), (1, 7), (3, 7), (8, 7), (3, 0), (3, 2), (9, 6), (4, 2), (1, 0), (4, 0), (6, 5), (1, 8), (4, 1), (3, 1)]",0.0616340637207031,59.425694704055786,150.40171617393173
17,0.8824,0.1176,0.3947,0.1176,0.1176,0.1176,26.0,57.0,sachs,5303,11,17,4,4,1,3,9,5,373.52014422416687,4644.6207773685455,True,v2,original_ranking,17,"[(5, 9), (6, 9), (0, 3), (7, 3), (6, 3), (6, 1), (2, 1), (10, 3), (6, 8), (2, 8), (6, 7), (2, 7), (6, 10), (2, 10), (6, 0), (2, 0), (6, 4)]",0.0725867748260498,84.82558965682983,155.33601140602596
