nnz,fdr,tpr,fpr,precision,recall,F1,shd,sid_low,sid_high,dataset,seed,n_nodes,n_edges,neighbourhood_n_nodes,max_cycle_length,max_ct_depth,max_path_length,max_c_set_size,search_depth,elapsed_bsaf_creation,elapsed_model_solution,is_converged,fact_ranking_method,model_ranking_method,num_edges_est,best_model,aba_elapsed,ranking_elapsed,best_I
5,0.8,0.125,0.2,0.2,0.125,0.1538,10.0,25.0,25.0,asia,1532,8,8,6,6,3,5,6,12,755.6604564189911,5850.670555830002,True,v2,original_ranking,5,"[(6, 1), (3, 1), (4, 1), (2, 1), (5, 1)]",0.0230176448822021,22.63034701347351,-25.37470787272943
12,0.9167,0.125,0.55,0.0833,0.125,0.1,16.0,41.0,41.0,asia,1009,8,8,6,6,3,5,6,12,755.6604564189911,5976.855397224426,True,v2,original_ranking,12,"[(2, 3), (0, 3), (2, 4), (0, 4), (2, 1), (0, 1), (2, 6), (0, 6), (2, 5), (0, 5), (2, 7), (0, 7)]",0.0223181247711181,24.406606197357178,68.68189899941343
12,0.8333,0.25,0.5,0.1667,0.25,0.2,15.0,18.0,18.0,asia,2250,8,8,6,6,3,5,6,12,755.6604564189911,5842.56028676033,True,v2,original_ranking,12,"[(6, 1), (4, 1), (6, 7), (4, 7), (5, 7), (2, 1), (5, 1), (0, 7), (0, 1), (2, 7), (3, 7), (3, 1)]",0.0252237319946289,24.48489570617676,17.117755155088734
8,0.625,0.375,0.25,0.375,0.375,0.375,10.0,16.0,18.0,asia,4447,8,8,6,6,3,5,6,12,755.6604564189911,5868.936432361603,True,v2,original_ranking,8,"[(5, 7), (1, 7), (4, 7), (6, 7), (6, 3), (4, 3), (7, 3), (2, 7)]",0.0279371738433837,27.27677965164185,44.40882092879515
5,0.8,0.125,0.2,0.2,0.125,0.1538,11.0,23.0,23.0,asia,2415,8,8,6,6,3,5,6,12,755.6604564189911,5892.998805522919,True,v2,original_ranking,5,"[(6, 2), (4, 2), (3, 2), (7, 2), (5, 2)]",0.022602081298828125,22.302138090133667,-4.77817235667565
