nnz,fdr,tpr,fpr,precision,recall,F1,shd,sid,dataset,seed,n_nodes,n_edges,neighbourhood_n_nodes,max_cycle_length,max_ct_depth,max_path_length,max_c_set_size,search_depth,elapsed_bsaf_creation,elapsed_model_solution,is_converged,fact_ranking_method,model_ranking_method,num_edges_est,best_model,aba_elapsed,ranking_elapsed,best_I
11,1.0,0.0,0.0667,0.0,0.0,,36.0,323.0,child,9096,20,25,3,3,0,2,3,12,263.44379448890686,4355.546057462692,True,v2,original_ranking,11,"[(7, 9), (12, 9), (0, 9), (4, 19), (10, 19), (6, 9), (7, 17), (1, 9), (10, 9), (15, 9), (18, 9)]",6.738854885101318,1100.3239052295685,-2868.5955481521555
12,1.0,0.0,0.0727,0.0,0.0,,37.0,313.0,child,3533,20,25,3,3,0,2,3,12,263.44379448890686,4363.6540360450745,True,v2,original_ranking,12,"[(16, 19), (15, 19), (10, 19), (14, 19), (0, 19), (6, 19), (11, 19), (18, 19), (14, 9), (10, 9), (3, 19), (16, 9)]",5.3907904624938965,902.574320077896,-2386.949927653285
11,1.0,0.0,0.0667,0.0,0.0,,36.0,320.0,child,4125,20,25,3,3,0,2,3,12,263.44379448890686,4356.306823015213,True,v2,original_ranking,11,"[(10, 9), (0, 9), (7, 9), (7, 17), (0, 17), (10, 17), (5, 9), (4, 17), (0, 14), (12, 17), (6, 17)]",3.3634285926818848,754.349328994751,-2140.6870432220785
12,0.9167,0.04,0.0667,0.0833,0.04,0.0541,35.0,290.0,child,3094,20,25,3,3,0,2,3,12,263.44379448890686,4359.131060600281,True,v2,original_ranking,12,"[(4, 19), (10, 19), (6, 19), (4, 17), (4, 9), (10, 17), (4, 14), (6, 14), (10, 9), (6, 17), (4, 16), (6, 16)]",4.007070302963257,790.3577280044556,-1950.658258401952
12,1.0,0.0,0.0727,0.0,0.0,,37.0,319.0,child,6398,20,25,3,3,0,2,3,12,263.44379448890686,4367.898784637451,True,v2,original_ranking,12,"[(7, 9), (6, 9), (4, 9), (0, 9), (18, 9), (18, 19), (7, 19), (7, 13), (4, 19), (17, 19), (14, 9), (0, 19)]",3.419552803039551,751.1496453285217,-2060.323591543688
