nnz,fdr,tpr,fpr,precision,recall,F1,shd,sid,dataset,seed,n_nodes,n_edges,neighbourhood_n_nodes,max_cycle_length,max_ct_depth,max_path_length,max_c_set_size,search_depth,elapsed_bsaf_creation,elapsed_model_solution,is_converged,fact_ranking_method,model_ranking_method,num_edges_est,best_model,aba_elapsed,ranking_elapsed,best_I
10,0.9,0.125,0.45,0.1,0.125,0.1111,14.0,31.0,asia,5163,8,8,6,6,3,5,6,12,748.7571716308594,6043.226325035095,True,v2,original_ranking,10,"[(6, 3), (2, 3), (6, 1), (2, 1), (6, 7), (2, 7), (6, 5), (2, 5), (6, 4), (2, 4)]",0.0220870971679687,21.50218796730041,66.93973562518194
7,1.0,0.0,0.35,0.0,0.0,,14.0,31.0,asia,2406,8,8,6,6,3,5,6,12,748.7571716308594,6150.617456197739,True,v2,original_ranking,7,"[(6, 5), (3, 5), (7, 5), (1, 5), (6, 4), (1, 4), (7, 2)]",0.0214903354644775,21.26826763153076,-10.743948538909535
10,0.8,0.25,0.4,0.2,0.25,0.2222,14.0,17.0,asia,304,8,8,6,6,3,5,6,12,748.7571716308594,6305.182462692261,True,v2,original_ranking,10,"[(6, 2), (4, 2), (3, 2), (5, 2), (1, 2), (4, 7), (1, 7), (0, 7), (6, 7), (5, 7)]",0.0281562805175781,27.807844161987305,43.20345912268974
7,0.8571,0.125,0.3,0.1429,0.125,0.1333,10.0,26.0,asia,3391,8,8,6,6,3,5,6,12,748.7571716308594,6193.512370347977,True,v2,original_ranking,7,"[(7, 3), (6, 3), (2, 3), (7, 1), (4, 1), (2, 1), (6, 1)]",0.0221943855285644,24.17324447631836,3.027266287779171
6,0.6667,0.25,0.2,0.3333,0.25,0.2857,8.0,25.0,asia,359,8,8,6,6,3,5,6,12,748.7571716308594,6260.06151509285,True,v2,original_ranking,6,"[(7, 3), (6, 3), (1, 3), (4, 3), (2, 3), (5, 3)]",0.02324223518371582,23.40025520324707,-4.125880084287449
