nnz,fdr,tpr,fpr,precision,recall,F1,shd,sid,dataset,seed,n_nodes,n_edges,neighbourhood_n_nodes,max_cycle_length,max_ct_depth,max_path_length,max_c_set_size,search_depth,elapsed_bsaf_creation,elapsed_model_solution,is_converged,fact_ranking_method,model_ranking_method,num_edges_est,best_model,aba_elapsed,ranking_elapsed,best_I
13,0.8462,0.25,0.55,0.1538,0.25,0.1905,16.0,25.0,asia,5864,8,8,6,6,3,5,6,5,859.1366600990295,6451.900107145309,True,v2,original_ranking,13,"[(5, 6), (4, 6), (5, 7), (4, 7), (4, 0), (5, 2), (4, 2), (5, 1), (4, 1), (5, 3), (4, 3), (2, 0), (4, 5)]",0.028299331665039,16.193376779556274,87.13579614395042
16,0.6875,0.625,0.55,0.3125,0.625,0.4167,12.0,13.0,asia,606,8,8,6,6,3,5,6,5,859.1366600990295,6486.794151067734,True,v2,original_ranking,16,"[(5, 6), (0, 6), (5, 7), (4, 7), (5, 2), (4, 2), (4, 6), (3, 1), (4, 1), (5, 1), (3, 2), (3, 7), (3, 6), (3, 5), (4, 5), (4, 3)]",0.0271229743957519,12.756665468215942,78.12892120121835
14,0.8571,0.25,0.6,0.1429,0.25,0.1818,14.0,29.0,asia,1933,8,8,6,6,3,5,6,5,859.1366600990295,6458.149201393127,True,v2,original_ranking,14,"[(4, 7), (6, 7), (6, 0), (4, 1), (3, 1), (4, 2), (3, 2), (3, 7), (4, 5), (3, 5), (6, 5), (3, 6), (3, 4), (6, 4)]",0.025547981262207,12.442220449447632,69.98885853503289
12,0.6667,0.5,0.4,0.3333,0.5,0.4,10.0,15.0,asia,6071,8,8,6,6,3,5,6,5,859.1366600990295,6270.457316875458,True,v2,original_ranking,12,"[(6, 7), (4, 7), (4, 1), (6, 0), (6, 3), (4, 3), (6, 2), (4, 2), (4, 5), (5, 1), (5, 2), (3, 7)]",0.0255930423736572,12.240978240966797,97.83279237787497
11,0.6364,0.5,0.35,0.3636,0.5,0.4211,8.0,21.0,asia,5504,8,8,6,6,3,5,6,5,859.1366600990295,6365.058481693268,True,v2,original_ranking,11,"[(4, 1), (2, 1), (5, 1), (7, 3), (6, 3), (3, 2), (5, 3), (4, 3), (4, 7), (6, 7), (4, 5)]",0.021808147430419922,11.191690921783447,78.63378923035162
