nnz,fdr,tpr,fpr,precision,recall,F1,shd,sid_low,sid_high,dataset,seed,n_nodes,n_edges,neighbourhood_n_nodes,max_cycle_length,max_ct_depth,max_path_length,max_c_set_size,search_depth,elapsed_bsaf_creation,elapsed_model_solution,is_converged,fact_ranking_method,model_ranking_method,num_edges_est,best_model,aba_elapsed,ranking_elapsed,best_I
23,0.7391,0.3529,0.4474,0.0435,0.0588,0.05,20.0,47.0,55.0,sachs,3942,11,17,4,4,1,3,9,5,326.91326355934143,4088.105365037918,True,v2,original_ranking,23,"[(4, 8), (10, 8), (2, 8), (3, 8), (1, 8), (7, 8), (0, 8), (9, 5), (6, 5), (9, 6), (3, 7), (3, 1), (2, 7), (4, 7), (10, 1), (0, 1), (4, 1), (10, 7), (3, 0), (10, 0), (4, 0), (3, 2), (10, 3)]",0.0672347545623779,67.7417197227478,189.9347695763175
24,0.4583,0.7647,0.2895,0.2917,0.4118,0.3415,20.0,22.0,43.0,sachs,2778,11,17,4,4,1,3,9,5,326.91326355934143,4085.369305372238,True,v2,original_ranking,24,"[(6, 5), (8, 4), (1, 4), (0, 4), (3, 4), (6, 9), (7, 4), (9, 5), (8, 2), (1, 2), (0, 2), (8, 3), (0, 3), (1, 3), (10, 3), (8, 7), (0, 7), (1, 7), (10, 7), (7, 2), (1, 10), (1, 8), (1, 0), (3, 2)]",0.0708744525909423,63.30589485168457,193.745291901665
22,0.7727,0.2941,0.4474,0.0909,0.1176,0.1026,25.0,47.0,53.0,sachs,2804,11,17,4,4,1,3,9,5,326.91326355934143,4175.916949033737,True,v2,original_ranking,22,"[(5, 9), (6, 9), (4, 3), (1, 3), (4, 0), (4, 8), (1, 8), (1, 0), (6, 5), (1, 4), (4, 10), (6, 10), (5, 8), (2, 0), (6, 7), (4, 7), (1, 7), (2, 8), (2, 3), (2, 10), (10, 7), (7, 3)]",0.0717964172363281,70.21248936653137,158.82608885822674
22,0.4545,0.7059,0.2632,0.2727,0.3529,0.3077,20.0,22.0,44.0,sachs,2145,11,17,4,4,1,3,9,5,326.91326355934143,4987.235742807388,True,v2,original_ranking,22,"[(9, 5), (6, 5), (10, 1), (0, 1), (4, 1), (4, 3), (8, 3), (0, 3), (2, 3), (7, 3), (10, 3), (3, 1), (9, 6), (8, 10), (0, 10), (10, 2), (4, 10), (7, 2), (7, 0), (4, 0), (8, 7), (4, 7)]",0.0785276889801025,72.99021363258362,192.2746493978559
17,0.7059,0.2941,0.3158,0.1176,0.1176,0.1176,21.0,47.0,53.0,sachs,150,11,17,4,4,1,3,9,5,326.91326355934143,4947.220863103867,True,v2,original_ranking,17,"[(9, 5), (6, 5), (4, 0), (3, 0), (4, 7), (3, 7), (4, 8), (3, 8), (4, 1), (3, 1), (4, 10), (3, 10), (10, 2), (2, 0), (2, 1), (9, 6), (8, 2)]",0.0767676830291748,96.44009256362915,190.56600567181263
