nnz,fdr,tpr,fpr,precision,recall,F1,shd,sid_low,sid_high,dataset,seed,n_nodes,n_edges,neighbourhood_n_nodes,max_cycle_length,max_ct_depth,max_path_length,max_c_set_size,search_depth,elapsed_bsaf_creation,elapsed_model_solution,is_converged,fact_ranking_method,model_ranking_method,num_edges_est,best_model,aba_elapsed,ranking_elapsed,best_I
9,0.7778,0.1176,0.1842,0.2222,0.1176,0.1538,17.0,58.0,58.0,sachs,3942,11,17,4,4,1,3,9,12,331.6396350860596,4093.96785902977,True,v2,original_ranking,9,"[(4, 8), (10, 8), (2, 8), (3, 8), (1, 8), (7, 8), (0, 8), (9, 5), (6, 5)]",0.0684661865234375,53.85879826545715,8.496008048269303
4,0.5,0.1176,0.0526,0.25,0.0588,0.0952,18.0,49.0,50.0,sachs,2778,11,17,4,4,1,3,9,12,331.6396350860596,4131.838976144791,True,v2,original_ranking,4,"[(6, 5), (8, 4), (1, 4), (0, 4)]",0.0726387500762939,54.90096521377564,-138.46124372520416
2,1.0,0.0,0.0526,0.0,0.0,,17.0,55.0,55.0,sachs,2804,11,17,4,4,1,3,9,12,331.6396350860596,4112.873064279556,True,v2,original_ranking,2,"[(5, 9), (6, 9)]",0.0739526748657226,54.87142848968506,-134.00913343453172
7,0.7143,0.1176,0.1316,0.2857,0.1176,0.1667,21.0,49.0,49.0,sachs,2145,11,17,4,4,1,3,9,12,331.6396350860596,4090.246071100235,True,v2,original_ranking,7,"[(9, 5), (6, 5), (10, 1), (9, 1), (0, 1), (4, 1), (9, 3)]",0.080775499343872,65.74844980239868,-84.97158444556942
2,0.0,0.1176,0.0,1.0,0.1176,0.2105,15.0,51.0,51.0,sachs,150,11,17,4,4,1,3,9,12,331.63963508605957,4092.231531381607,True,v2,original_ranking,2,"[(9, 5), (6, 5)]",0.07845520973205566,59.748767614364624,-146.19649998005912
