nnz,fdr,tpr,fpr,precision,recall,F1,shd,sid_low,sid_high,dataset,seed,n_nodes,n_edges,neighbourhood_n_nodes,max_cycle_length,max_ct_depth,max_path_length,max_c_set_size,search_depth,elapsed_bsaf_creation,elapsed_model_solution,is_converged,fact_ranking_method,model_ranking_method,num_edges_est,best_model,aba_elapsed,ranking_elapsed,best_I
7,1.0,0.0,0.0424,0.0,0.0,,32.0,301.0,301.0,child,8823,20,25,3,3,0,2,3,12,274.0227425098419,4753.555417537689,True,v2,original_ranking,7,"[(7, 19), (6, 19), (6, 14), (4, 14), (7, 13), (6, 13), (0, 14)]",4.569116830825806,925.7882747650146,-2433.558272804681
12,1.0,0.0,0.0727,0.0,0.0,,37.0,284.0,304.0,child,4669,20,25,3,3,0,2,3,12,274.0227425098419,4938.4605448246,True,v2,original_ranking,12,"[(0, 9), (10, 9), (16, 9), (6, 9), (3, 9), (4, 9), (10, 17), (6, 17), (10, 13), (6, 13), (0, 17), (6, 19)]",4.79123330116272,942.350665807724,-2293.2794726862094
12,0.9167,0.04,0.0667,0.0833,0.04,0.0541,35.0,317.0,317.0,child,6131,20,25,3,3,0,2,3,12,274.0227425098419,4728.606538057327,True,v2,original_ranking,12,"[(6, 9), (15, 9), (16, 9), (18, 9), (7, 9), (0, 9), (2, 9), (8, 9), (11, 9), (1, 9), (5, 9), (4, 9)]",4.767538547515869,927.347235441208,-2469.631710121223
11,0.7273,0.12,0.0485,0.2727,0.12,0.1667,29.0,284.0,284.0,child,2617,20,25,3,3,0,2,3,12,274.0227425098419,4581.256602525711,True,v2,original_ranking,11,"[(6, 11), (16, 11), (7, 11), (7, 13), (16, 13), (7, 12), (16, 12), (6, 13), (6, 12), (4, 11), (14, 11)]",4.245630741119385,876.9059519767761,-881.2665719599023
10,1.0,0.0,0.0606,0.0,0.0,,35.0,298.0,298.0,child,7166,20,25,3,3,0,2,3,12,274.0227425098419,4584.304711818695,True,v2,original_ranking,10,"[(7, 13), (6, 13), (7, 3), (6, 3), (15, 13), (7, 9), (6, 9), (18, 9), (15, 3), (15, 9)]",4.591094017028809,873.7179164886475,-2428.8714822858674
