nnz,fdr,tpr,fpr,precision,recall,F1,shd,sid,dataset,seed,n_nodes,n_edges,neighbourhood_n_nodes,max_cycle_length,max_ct_depth,max_path_length,max_c_set_size,search_depth,elapsed_bsaf_creation,elapsed_model_solution,is_converged,fact_ranking_method,model_ranking_method,num_edges_est,best_model,aba_elapsed,ranking_elapsed,best_I
10,0.9,0.04,0.0545,0.1,0.04,0.0571,33.0,323.0,child,3942,20,25,3,3,0,2,3,12,295.50786805152893,5892.668992996216,True,v2,original_ranking,10,"[(18, 8), (2, 8), (0, 8), (11, 13), (10, 13), (1, 13), (4, 13), (15, 13), (0, 13), (18, 19)]",5.140404939651489,904.441731452942,-2822.401247777438
10,1.0,0.0,0.0606,0.0,0.0,,35.0,306.0,child,2778,20,25,3,3,0,2,3,12,295.50786805152893,5930.7369265556335,True,v2,original_ranking,10,"[(6, 9), (15, 9), (6, 2), (15, 2), (10, 9), (10, 2), (15, 3), (6, 19), (15, 19), (10, 3)]",3.7603492736816406,805.4796254634857,-2289.676850588917
11,0.8182,0.08,0.0545,0.1818,0.08,0.1111,32.0,291.0,child,2804,20,25,3,3,0,2,3,12,295.50786805152893,5897.434884309769,True,v2,original_ranking,11,"[(4, 13), (12, 13), (6, 13), (12, 19), (4, 19), (6, 19), (3, 19), (12, 0), (4, 0), (14, 13), (6, 0)]",6.114766836166382,1068.706404209137,-2304.490154478702
10,1.0,0.0,0.0606,0.0,0.0,,35.0,315.0,child,2145,20,25,3,3,0,2,3,12,295.50786805152893,6438.481869697571,True,v2,original_ranking,10,"[(0, 19), (6, 19), (10, 19), (4, 14), (7, 19), (15, 14), (4, 19), (0, 14), (15, 19), (16, 19)]",5.611107349395752,942.7133235931396,-2957.2989743128182
10,0.9,0.04,0.0545,0.1,0.04,0.0571,33.0,334.0,child,150,20,25,3,3,0,2,3,12,295.50786805152893,5103.422127246857,True,v2,original_ranking,10,"[(11, 1), (4, 1), (16, 1), (7, 1), (6, 8), (2, 1), (0, 1), (16, 13), (11, 13), (16, 8)]",2.1449782848358154,600.4449365139008,-1783.018365269262
