nnz,fdr,tpr,fpr,precision,recall,F1,shd,sid,dataset,seed,n_nodes,n_edges,neighbourhood_n_nodes,max_cycle_length,max_ct_depth,max_path_length,max_c_set_size,search_depth,elapsed_bsaf_creation,elapsed_model_solution,is_converged,fact_ranking_method,model_ranking_method,num_edges_est,best_model,aba_elapsed,ranking_elapsed,best_I
15,0.9333,0.125,0.7,0.0667,0.125,0.087,17.0,35.0,asia,183,8,8,6,6,3,5,6,5,774.2548377513885,6507.299023866653,True,v2,original_ranking,15,"[(6, 1), (2, 1), (6, 3), (2, 3), (6, 7), (2, 7), (6, 4), (2, 4), (6, 5), (2, 5), (3, 1), (7, 3), (3, 4), (5, 3), (2, 6)]",0.0293676853179931,11.940410852432253,78.38499575790365
18,0.8333,0.375,0.75,0.1667,0.375,0.2308,17.0,18.0,asia,7977,8,8,6,6,3,5,6,5,774.2548377513885,6532.581320524216,True,v2,original_ranking,18,"[(6, 1), (2, 1), (3, 1), (7, 1), (4, 1), (5, 1), (2, 6), (0, 6), (7, 6), (3, 6), (5, 2), (4, 2), (5, 3), (0, 3), (4, 7), (7, 3), (7, 2), (5, 4)]",0.0265462398529052,11.794574975967407,83.9296743754276
15,0.8667,0.25,0.65,0.1333,0.25,0.1739,16.0,26.0,asia,3199,8,8,6,6,3,5,6,5,774.2548377513885,6610.414976358414,True,v2,original_ranking,15,"[(6, 3), (5, 3), (2, 3), (7, 3), (1, 3), (3, 0), (5, 7), (4, 7), (2, 7), (6, 1), (6, 2), (6, 5), (4, 2), (1, 5), (5, 4)]",0.026153564453125,12.287289381027222,80.62532855378561
12,0.6667,0.5,0.4,0.3333,0.5,0.4,11.0,12.0,asia,316,8,8,6,6,3,5,6,5,774.2548377513885,6557.471534013748,True,v2,original_ranking,12,"[(6, 0), (6, 7), (5, 7), (5, 1), (6, 4), (5, 4), (6, 2), (5, 2), (0, 3), (4, 3), (1, 4), (1, 2)]",0.0228011608123779,11.945947647094728,80.63281171563172
16,0.75,0.5,0.6,0.25,0.5,0.3333,14.0,29.0,asia,8266,8,8,6,6,3,5,6,5,774.2548377513885,6498.176807403564,True,v2,original_ranking,16,"[(4, 6), (0, 6), (4, 1), (2, 1), (2, 6), (5, 1), (5, 6), (5, 3), (2, 3), (5, 7), (2, 7), (4, 7), (4, 3), (2, 4), (5, 4), (5, 2)]",0.026424646377563477,11.831948518753052,77.8257272995154
