nnz,fdr,tpr,fpr,precision,recall,F1,shd,sid,dataset,seed,n_nodes,n_edges,neighbourhood_n_nodes,max_cycle_length,max_ct_depth,max_path_length,max_c_set_size,search_depth,elapsed_bsaf_creation,elapsed_model_solution,is_converged,fact_ranking_method,model_ranking_method,num_edges_est,best_model,aba_elapsed,ranking_elapsed,best_I
16,0.75,0.5,0.6,0.25,0.5,0.3333,13.0,16.0,asia,3942,8,8,6,6,3,5,6,5,775.0935833454132,6194.477165460587,True,v2,original_ranking,16,"[(7, 1), (2, 1), (4, 1), (6, 1), (5, 2), (3, 2), (7, 2), (4, 2), (6, 0), (3, 0), (6, 7), (4, 7), (3, 7), (4, 5), (6, 3), (4, 3)]",0.0258135795593261,11.21980047225952,84.8372403941066
17,0.8824,0.25,0.75,0.1176,0.25,0.16,18.0,35.0,asia,2778,8,8,6,6,3,5,6,5,775.0935833454132,6135.97350358963,True,v2,original_ranking,17,"[(2, 1), (0, 1), (4, 1), (6, 1), (3, 1), (7, 3), (5, 3), (0, 3), (4, 3), (2, 6), (0, 6), (4, 5), (2, 5), (4, 7), (2, 7), (5, 6), (2, 4)]",0.0254294872283935,13.104889392852783,83.44347893293256
15,0.8,0.375,0.6,0.2,0.375,0.2609,14.0,20.0,asia,2804,8,8,6,6,3,5,6,5,775.0935833454132,6024.639134407044,True,v2,original_ranking,15,"[(4, 3), (7, 3), (6, 3), (4, 5), (6, 5), (2, 5), (7, 5), (1, 5), (4, 1), (4, 2), (4, 7), (4, 6), (6, 2), (7, 6), (1, 2)]",0.0234458446502685,10.1084246635437,81.37940425754788
15,0.8667,0.25,0.65,0.1333,0.25,0.1739,17.0,20.0,asia,2145,8,8,6,6,3,5,6,5,775.0935833454132,6592.977750062943,True,v2,original_ranking,15,"[(4, 1), (3, 1), (7, 3), (2, 3), (0, 3), (5, 3), (4, 7), (5, 7), (2, 7), (0, 6), (5, 6), (2, 6), (5, 2), (5, 4), (4, 2)]",0.0263247489929199,12.367837905883787,87.03852725741848
20,0.8,0.5,0.8,0.2,0.5,0.2857,16.0,41.0,asia,150,8,8,6,6,3,5,6,5,775.0935833454132,6201.351537704468,True,v2,original_ranking,20,"[(5, 3), (0, 3), (7, 3), (6, 3), (2, 3), (4, 3), (7, 5), (1, 5), (2, 5), (4, 5), (2, 6), (0, 6), (1, 6), (7, 6), (2, 0), (1, 7), (2, 7), (2, 4), (1, 2), (6, 4)]",0.026720046997070312,12.113011360168457,76.95621364357527
