nnz,fdr,tpr,fpr,precision,recall,F1,shd,sid_low,sid_high,dataset,seed,n_nodes,n_edges,neighbourhood_n_nodes,max_cycle_length,max_ct_depth,max_path_length,max_c_set_size,search_depth,elapsed_bsaf_creation,elapsed_model_solution,is_converged,fact_ranking_method,model_ranking_method,num_edges_est,best_model,aba_elapsed,ranking_elapsed,best_I
11,0.8182,0.08,0.0545,0.1818,0.08,0.1111,32.0,318.0,318.0,child,5163,20,25,3,3,0,2,3,12,295.1214442253113,5396.691917181015,True,v2,original_ranking,11,"[(3, 5), (18, 5), (2, 5), (11, 5), (6, 5), (0, 5), (9, 5), (7, 5), (15, 5), (16, 5), (8, 5)]",6.258989572525024,1024.1099588871002,-2130.021592776284
9,0.8889,0.04,0.0485,0.1111,0.04,0.0588,32.0,314.0,314.0,child,2406,20,25,3,3,0,2,3,12,295.1214442253113,5276.998356342316,True,v2,original_ranking,9,"[(4, 2), (6, 2), (0, 2), (16, 2), (7, 2), (5, 2), (16, 9), (15, 2), (1, 9)]",6.906304597854614,1054.6298191547394,-2410.1229531900613
12,1.0,0.0,0.0727,0.0,0.0,,37.0,308.0,308.0,child,304,20,25,3,3,0,2,3,12,295.1214442253113,4680.059900760651,True,v2,original_ranking,12,"[(7, 19), (15, 19), (6, 19), (10, 19), (13, 19), (9, 19), (12, 19), (4, 19), (7, 3), (6, 3), (6, 5), (7, 5)]",4.457594871520996,844.4606087207794,-2376.3358550591524
10,0.8,0.08,0.0485,0.1,0.04,0.0571,33.0,276.0,279.0,child,3391,20,25,3,3,0,2,3,12,295.1214442253113,4526.205291509628,True,v2,original_ranking,10,"[(16, 19), (16, 3), (16, 2), (15, 19), (15, 2), (7, 3), (15, 3), (16, 5), (16, 9), (7, 19)]",5.709119319915772,956.0045876502992,-1831.45380441062
12,1.0,0.0,0.0727,0.0,0.0,,37.0,318.0,318.0,child,359,20,25,3,3,0,2,3,12,295.1214442253113,4594.240072250366,True,v2,original_ranking,12,"[(6, 13), (10, 13), (4, 13), (2, 13), (15, 13), (19, 13), (8, 13), (16, 13), (5, 13), (7, 13), (11, 13), (18, 13)]",4.944963216781616,897.5190391540527,-2110.9223279939015
