nnz,fdr,tpr,fpr,precision,recall,F1,shd,sid_low,sid_high,dataset,seed,n_nodes,n_edges,neighbourhood_n_nodes,max_cycle_length,max_ct_depth,max_path_length,max_c_set_size,search_depth,elapsed_bsaf_creation,elapsed_model_solution,is_converged,fact_ranking_method,model_ranking_method,num_edges_est,best_model,aba_elapsed,ranking_elapsed,best_I
8,0.75,0.25,0.3,0.25,0.25,0.25,13.0,20.0,32.0,asia,7816,8,8,6,6,3,5,6,12,734.4812617301941,5805.105778694153,True,v2,original_ranking,8,"[(2, 1), (6, 1), (7, 3), (7, 5), (6, 5), (7, 2), (6, 2), (4, 2)]",0.0234925746917724,23.072787523269653,29.7868685478998
9,0.7778,0.25,0.35,0.2222,0.25,0.2353,12.0,16.0,16.0,asia,3578,8,8,6,6,3,5,6,12,734.4812617301941,5847.2384123802185,True,v2,original_ranking,9,"[(7, 3), (6, 3), (6, 2), (4, 2), (6, 1), (4, 1), (7, 1), (4, 3), (7, 2)]",0.0226318836212158,23.148199558258057,35.89032251744206
9,1.0,0.0,0.45,0.0,0.0,,15.0,31.0,31.0,asia,2656,8,8,6,6,3,5,6,12,734.4812617301941,5821.455198049545,True,v2,original_ranking,9,"[(7, 5), (6, 5), (4, 1), (3, 1), (2, 5), (3, 5), (6, 1), (2, 1), (4, 5)]",0.0297567844390869,27.80577731132508,-6.25040234439693
5,0.8,0.125,0.2,0.2,0.125,0.1538,10.0,23.0,23.0,asia,2688,8,8,6,6,3,5,6,12,734.4812617301941,5894.278704166412,True,v2,original_ranking,5,"[(7, 3), (6, 3), (5, 7), (1, 7), (5, 3)]",0.0225191116333007,21.495424509048465,-21.18398646412173
10,0.7,0.375,0.35,0.2,0.25,0.2222,11.0,12.0,21.0,asia,2494,8,8,6,6,3,5,6,12,734.4812617301941,5837.455197572708,True,v2,original_ranking,10,"[(6, 2), (4, 2), (6, 0), (4, 0), (6, 7), (4, 7), (6, 3), (4, 3), (4, 5), (4, 1)]",0.02858734130859375,28.20206904411316,113.75696143132076
