nnz,fdr,tpr,fpr,precision,recall,F1,shd,sid,dataset,seed,n_nodes,n_edges,neighbourhood_n_nodes,max_cycle_length,max_ct_depth,max_path_length,max_c_set_size,search_depth,elapsed_bsaf_creation,elapsed_model_solution,is_converged,fact_ranking_method,model_ranking_method,num_edges_est,best_model,aba_elapsed,ranking_elapsed,best_I
8,1.0,0.0,0.4,0.0,0.0,,14.0,30.0,asia,7816,8,8,6,6,3,5,6,12,857.8989727497101,6320.331512212753,True,v2,original_ranking,8,"[(2, 1), (6, 1), (7, 3), (7, 5), (6, 5), (7, 2), (6, 2), (4, 2)]",0.0259585380554199,25.37671399116516,29.7868685478998
9,0.7778,0.25,0.35,0.2222,0.25,0.2353,12.0,16.0,asia,3578,8,8,6,6,3,5,6,12,857.8989727497101,5913.525566339493,True,v2,original_ranking,9,"[(7, 3), (6, 3), (6, 2), (4, 2), (6, 1), (4, 1), (7, 1), (4, 3), (7, 2)]",0.0248525142669677,25.34628176689148,35.89032251744206
9,1.0,0.0,0.45,0.0,0.0,,15.0,31.0,asia,2656,8,8,6,6,3,5,6,12,857.8989727497101,5922.537011861801,True,v2,original_ranking,9,"[(7, 5), (6, 5), (4, 1), (3, 1), (2, 5), (3, 5), (6, 1), (2, 1), (4, 5)]",0.0320062637329101,30.28317141532898,-6.25040234439693
5,0.8,0.125,0.2,0.2,0.125,0.1538,10.0,23.0,asia,2688,8,8,6,6,3,5,6,12,857.8989727497101,5913.552082777023,True,v2,original_ranking,5,"[(7, 3), (6, 3), (5, 7), (1, 7), (5, 3)]",0.0244965553283691,23.077380657196045,-21.18398646412173
10,0.8,0.25,0.4,0.2,0.25,0.2222,12.0,19.0,asia,2494,8,8,6,6,3,5,6,12,857.8989727497101,5901.497885942459,True,v2,original_ranking,10,"[(6, 2), (4, 2), (6, 0), (4, 0), (6, 7), (4, 7), (6, 3), (4, 3), (4, 5), (4, 1)]",0.03109002113342285,30.240267753601074,113.75696143132076
