nnz,fdr,tpr,fpr,precision,recall,F1,shd,sid,dataset,seed,n_nodes,n_edges,neighbourhood_n_nodes,max_cycle_length,max_ct_depth,max_path_length,max_c_set_size,search_depth,elapsed_bsaf_creation,elapsed_model_solution,is_converged,fact_ranking_method,model_ranking_method,num_edges_est,best_model,aba_elapsed,ranking_elapsed,best_I
10,0.9,0.0588,0.2368,0.1,0.0588,0.0741,24.0,58.0,sachs,1532,11,17,4,4,1,3,9,12,331.609659910202,4104.749138355255,True,v2,original_ranking,10,"[(6, 8), (0, 8), (1, 8), (9, 5), (9, 8), (9, 7), (4, 7), (1, 2), (6, 2), (6, 10)]",0.0692005157470703,57.69443702697754,-4.6785896516828105
7,0.8571,0.0588,0.1579,0.1429,0.0588,0.0833,19.0,50.0,sachs,1009,11,17,4,4,1,3,9,12,331.609659910202,4120.168936252594,True,v2,original_ranking,7,"[(1, 2), (3, 2), (1, 0), (3, 7), (1, 7), (3, 10), (1, 10)]",0.0857200622558593,74.79842925071716,87.99798322686536
4,0.5,0.1176,0.0526,0.5,0.1176,0.1905,16.0,50.0,sachs,2250,11,17,4,4,1,3,9,12,331.609659910202,4118.594067811966,True,v2,original_ranking,4,"[(9, 5), (6, 5), (3, 10), (1, 4)]",0.0728416442871093,56.62686991691589,-108.61533443792034
6,1.0,0.0,0.1579,0.0,0.0,,23.0,50.0,sachs,4447,11,17,4,4,1,3,9,12,331.609659910202,4093.482519388199,True,v2,original_ranking,6,"[(7, 9), (7, 5), (1, 4), (10, 4), (3, 4), (7, 6)]",0.0925707817077636,66.02876806259155,-169.76025736501452
2,0.0,0.1176,0.0,1.0,0.1176,0.2105,15.0,51.0,sachs,2415,11,17,4,4,1,3,9,12,331.609659910202,4105.040053844452,True,v2,original_ranking,2,"[(9, 5), (6, 5)]",0.09116315841674805,66.21728682518005,-168.948776711157
