nnz,fdr,tpr,fpr,precision,recall,F1,shd,sid,dataset,seed,n_nodes,n_edges,neighbourhood_n_nodes,max_cycle_length,max_ct_depth,max_path_length,max_c_set_size,search_depth,elapsed_bsaf_creation,elapsed_model_solution,is_converged,fact_ranking_method,model_ranking_method,num_edges_est,best_model,aba_elapsed,ranking_elapsed,best_I
7,0.8571,0.0588,0.1579,0.1429,0.0588,0.0833,20.0,50.0,sachs,5163,11,17,4,4,1,3,9,12,328.6037013530731,4197.659256219864,True,v2,original_ranking,7,"[(1, 10), (0, 10), (3, 10), (4, 2), (3, 2), (8, 10), (4, 7)]",0.0978639125823974,73.05583047866821,-25.18022389380865
9,0.6667,0.1765,0.1579,0.3333,0.1765,0.2308,19.0,55.0,sachs,2406,11,17,4,4,1,3,9,12,328.6037013530731,4290.24313378334,True,v2,original_ranking,9,"[(6, 5), (4, 7), (9, 5), (1, 0), (9, 7), (4, 0), (1, 8), (9, 2), (1, 2)]",0.0944640636444091,71.58711242675781,-34.09204620881027
8,1.0,0.0,0.2105,0.0,0.0,,25.0,50.0,sachs,304,11,17,4,4,1,3,9,12,328.6037013530731,4158.370578527451,True,v2,original_ranking,8,"[(3, 0), (2, 0), (5, 10), (5, 0), (5, 1), (2, 1), (5, 8), (5, 4)]",0.0815293788909912,67.47840762138367,-51.45127304312194
2,0.0,0.1176,0.0,1.0,0.1176,0.2105,15.0,51.0,sachs,3391,11,17,4,4,1,3,9,12,328.6037013530731,4146.544052124023,True,v2,original_ranking,2,"[(9, 5), (6, 5)]",0.051220417022705,40.584853410720825,-105.3899749558341
5,0.8,0.0588,0.1053,0.2,0.0588,0.0909,20.0,50.0,sachs,359,11,17,4,4,1,3,9,12,328.6037013530731,4136.769032001495,True,v2,original_ranking,5,"[(3, 6), (0, 6), (9, 6), (10, 0), (5, 0)]",0.10186886787414551,71.73677372932434,-202.26168903590548
