nnz,fdr,tpr,fpr,precision,recall,F1,shd,sid_low,sid_high,dataset,seed,n_nodes,n_edges,neighbourhood_n_nodes,max_cycle_length,max_ct_depth,max_path_length,max_c_set_size,search_depth,elapsed_bsaf_creation,elapsed_model_solution,is_converged,fact_ranking_method,model_ranking_method,num_edges_est,best_model,aba_elapsed,ranking_elapsed,best_I
5,0.6,0.1176,0.0789,0.4,0.1176,0.1818,17.0,51.0,51.0,sachs,3595,11,17,4,4,1,3,9,12,330.7115693092346,4092.121992111206,True,v2,original_ranking,5,"[(9, 5), (6, 5), (0, 10), (1, 10), (3, 10)]",0.0716640949249267,55.62042212486267,-90.61714894994545
7,0.8571,0.0588,0.1579,0.0,0.0,,18.0,59.0,60.0,sachs,4187,11,17,4,4,1,3,9,12,330.7115693092346,4104.0867784023285,True,v2,original_ranking,7,"[(6, 5), (4, 7), (0, 7), (4, 8), (0, 8), (1, 8), (1, 7)]",0.069521427154541,57.84785604476929,-1.3648799788745505
6,0.8333,0.0588,0.1316,0.0,0.0,,21.0,50.0,58.0,sachs,4135,11,17,4,4,1,3,9,12,330.7115693092346,4090.122625350952,True,v2,original_ranking,6,"[(8, 0), (3, 0), (10, 5), (10, 6), (10, 9), (8, 4)]",0.0952315330505371,70.15261125564575,-166.92795086826277
8,0.625,0.1765,0.1316,0.25,0.1176,0.16,20.0,48.0,51.0,sachs,5174,11,17,4,4,1,3,9,12,330.7115693092346,4096.867585659027,True,v2,original_ranking,8,"[(4, 10), (2, 10), (1, 10), (8, 10), (0, 10), (7, 10), (3, 10), (9, 5)]",0.062572956085205,50.3516161441803,3.0402644891710056
2,1.0,0.0,0.0526,0.0,0.0,,17.0,55.0,55.0,sachs,5303,11,17,4,4,1,3,9,12,330.7115693092346,4089.4302282333374,True,v2,original_ranking,2,"[(5, 9), (6, 9)]",0.07349276542663574,57.460500717163086,-132.1105446942407
