nnz,fdr,tpr,fpr,precision,recall,F1,shd,sid,dataset,seed,n_nodes,n_edges,neighbourhood_n_nodes,max_cycle_length,max_ct_depth,max_path_length,max_c_set_size,search_depth,elapsed_bsaf_creation,elapsed_model_solution,is_converged,fact_ranking_method,model_ranking_method,num_edges_est,best_model,aba_elapsed,ranking_elapsed,best_I
22,0.8182,0.2353,0.4737,0.1818,0.2353,0.2051,25.0,39.0,sachs,7816,11,17,4,4,1,3,9,5,463.9383063316345,5929.667772293091,True,v2,original_ranking,22,"[(0, 5), (0, 9), (6, 5), (6, 9), (4, 7), (2, 7), (8, 7), (3, 7), (10, 7), (3, 0), (10, 0), (8, 0), (7, 0), (1, 7), (4, 2), (1, 2), (10, 4), (8, 3), (10, 1), (4, 3), (1, 4), (8, 1)]",0.0699155330657959,56.44304728507996,157.37706542996207
23,0.7826,0.2941,0.4737,0.2174,0.2941,0.25,23.0,45.0,sachs,3578,11,17,4,4,1,3,9,5,463.9383063316345,5899.569197654724,True,v2,original_ranking,23,"[(9, 5), (6, 5), (9, 1), (0, 1), (3, 1), (4, 1), (10, 1), (7, 1), (2, 1), (8, 1), (4, 8), (10, 8), (4, 7), (10, 7), (4, 2), (10, 2), (3, 2), (4, 0), (10, 0), (3, 8), (3, 7), (3, 0), (10, 3)]",0.0763857364654541,90.31143116950987,205.6205546981845
27,0.7407,0.4118,0.5263,0.2593,0.4118,0.3182,22.0,47.0,sachs,2656,11,17,4,4,1,3,9,5,463.9383063316345,5880.386234521866,True,v2,original_ranking,27,"[(9, 5), (6, 5), (4, 7), (2, 7), (3, 7), (0, 7), (8, 7), (8, 2), (10, 5), (10, 7), (1, 7), (4, 2), (0, 2), (3, 2), (3, 5), (1, 2), (10, 0), (8, 0), (6, 9), (4, 0), (1, 0), (8, 3), (10, 3), (1, 3), (0, 3), (1, 4), (1, 8)]",0.0769479274749755,64.49179172515869,188.3677891248074
21,0.619,0.4706,0.3421,0.381,0.4706,0.4211,18.0,36.0,sachs,2688,11,17,4,4,1,3,9,5,463.9383063316345,4672.362567901611,True,v2,original_ranking,21,"[(3, 0), (10, 0), (7, 0), (9, 0), (8, 0), (0, 1), (9, 1), (2, 0), (4, 0), (9, 5), (6, 5), (8, 2), (10, 2), (7, 2), (3, 2), (8, 7), (4, 7), (8, 10), (8, 3), (10, 7), (6, 9)]",0.086369514465332,90.29758787155151,194.1541596821748
20,0.65,0.4118,0.3421,0.35,0.4118,0.3784,18.0,40.0,sachs,2494,11,17,4,4,1,3,9,5,463.9383063316345,5038.051214933395,True,v2,original_ranking,20,"[(3, 0), (8, 5), (8, 0), (4, 7), (3, 7), (8, 10), (4, 10), (8, 2), (4, 2), (8, 1), (4, 1), (3, 10), (3, 1), (8, 7), (3, 2), (8, 3), (9, 5), (0, 1), (6, 5), (6, 9)]",0.0745096206665039,83.2753119468689,180.6295190793237
