nnz,fdr,tpr,fpr,precision,recall,F1,shd,sid_low,sid_high,dataset,seed,n_nodes,n_edges,neighbourhood_n_nodes,max_cycle_length,max_ct_depth,max_path_length,max_c_set_size,search_depth,elapsed_bsaf_creation,elapsed_model_solution,is_converged,fact_ranking_method,model_ranking_method,num_edges_est,best_model,aba_elapsed,ranking_elapsed,best_I
16,0.6875,0.625,0.55,0.3125,0.625,0.4167,15.0,5.0,27.0,asia,7816,8,8,6,6,3,5,6,5,770.2996389865875,6360.7136323452,True,v2,original_ranking,16,"[(4, 1), (2, 1), (7, 1), (6, 1), (7, 3), (7, 5), (6, 5), (7, 2), (6, 2), (4, 2), (6, 3), (4, 3), (2, 5), (6, 7), (4, 7), (6, 0)]",0.0247645378112792,11.450787782669067,75.83086129195028
13,0.6923,0.5,0.45,0.2308,0.375,0.2857,13.0,5.0,19.0,asia,3578,8,8,6,6,3,5,6,5,770.2996389865875,6386.791182041168,True,v2,original_ranking,13,"[(7, 3), (6, 3), (6, 2), (4, 2), (6, 1), (4, 1), (7, 1), (4, 3), (7, 2), (7, 5), (4, 5), (6, 7), (4, 7)]",0.023714542388916,13.739572763442991,82.04805914834198
20,0.75,0.625,0.75,0.1,0.25,0.1429,20.0,11.0,47.0,asia,2656,8,8,6,6,3,5,6,5,770.2996389865875,6449.879496097565,True,v2,original_ranking,20,"[(7, 5), (6, 5), (4, 1), (3, 1), (2, 5), (3, 5), (6, 1), (2, 1), (4, 5), (4, 0), (7, 0), (6, 0), (6, 2), (4, 2), (7, 2), (3, 2), (4, 6), (3, 6), (3, 4), (7, 3)]",0.0310072898864746,13.938963174819946,72.71864390163631
12,0.75,0.375,0.45,0.0833,0.125,0.1,14.0,9.0,25.0,asia,2688,8,8,6,6,3,5,6,5,770.2996389865875,6386.656915426254,True,v2,original_ranking,12,"[(6, 3), (5, 7), (1, 7), (5, 3), (1, 3), (2, 7), (4, 1), (6, 2), (5, 2), (5, 1), (4, 2), (5, 4)]",0.023555040359497,10.968931913375854,83.83560069028837
13,0.5385,0.75,0.35,0.3077,0.5,0.381,8.0,7.0,21.0,asia,2494,8,8,6,6,3,5,6,5,770.2996389865875,6474.803748130798,True,v2,original_ranking,13,"[(6, 2), (4, 2), (6, 0), (4, 0), (6, 7), (4, 7), (6, 3), (4, 3), (4, 5), (4, 1), (7, 3), (1, 5), (1, 2)]",0.029978275299072266,17.919184684753418,120.32839000274934
