nnz,fdr,tpr,fpr,precision,recall,F1,shd,sid_low,sid_high,dataset,seed,n_nodes,n_edges,neighbourhood_n_nodes,max_cycle_length,max_ct_depth,max_path_length,max_c_set_size,search_depth,elapsed_bsaf_creation,elapsed_model_solution,is_converged,fact_ranking_method,model_ranking_method,num_edges_est,best_model,aba_elapsed,ranking_elapsed,best_I
7,0.8571,0.125,0.3,0.1429,0.125,0.1333,11.0,23.0,23.0,asia,3595,8,8,6,6,3,5,6,12,787.64493060112,6044.609112739563,True,v2,original_ranking,7,"[(3, 1), (7, 1), (4, 1), (5, 3), (7, 3), (2, 3), (6, 3)]",0.0241408348083496,24.89608073234558,11.704396882698695
10,0.8,0.25,0.4,0.2,0.25,0.2222,14.0,17.0,17.0,asia,4187,8,8,6,6,3,5,6,12,787.64493060112,5895.437999248505,True,v2,original_ranking,10,"[(6, 7), (4, 7), (4, 1), (3, 1), (4, 2), (3, 2), (3, 7), (6, 1), (6, 5), (3, 5)]",0.0228674411773681,22.87230396270752,44.02134136771005
10,0.8,0.25,0.4,0.2,0.25,0.2222,14.0,15.0,15.0,asia,4135,8,8,6,6,3,5,6,12,787.64493060112,5890.666951656342,True,v2,original_ranking,10,"[(5, 2), (4, 2), (5, 7), (4, 7), (5, 1), (4, 1), (5, 3), (4, 3), (5, 6), (4, 6)]",0.023665428161621,24.35167598724365,72.9512598400219
9,0.7778,0.25,0.35,0.2222,0.25,0.2353,12.0,28.0,36.0,asia,5174,8,8,6,6,3,5,6,12,787.64493060112,5834.893790006638,True,v2,original_ranking,9,"[(2, 4), (5, 1), (2, 1), (5, 6), (2, 6), (1, 4), (7, 3), (6, 3), (1, 3)]",0.0289316177368164,29.638550758361816,45.54394191058181
5,0.6,0.25,0.15,0.4,0.25,0.3077,8.0,25.0,30.0,asia,5303,8,8,6,6,3,5,6,12,787.64493060112,5849.608106136322,True,v2,original_ranking,5,"[(7, 3), (6, 3), (2, 3), (3, 1), (2, 1)]",0.022305727005004883,23.80868148803711,-12.1457815374151
