nnz,fdr,tpr,fpr,precision,recall,F1,shd,sid,dataset,seed,n_nodes,n_edges,neighbourhood_n_nodes,max_cycle_length,max_ct_depth,max_path_length,max_c_set_size,search_depth,elapsed_bsaf_creation,elapsed_model_solution,is_converged,fact_ranking_method,model_ranking_method,num_edges_est,best_model,aba_elapsed,ranking_elapsed,best_I
2,1.0,0.0,0.0526,0.0,0.0,,19.0,53.0,sachs,7816,11,17,4,4,1,3,9,12,332.3753914833069,4086.767693758011,True,v2,original_ranking,2,"[(10, 5), (10, 9)]",0.070108413696289,52.35097479820252,-144.16341704528554
4,0.5,0.1176,0.0526,0.5,0.1176,0.1905,16.0,51.0,sachs,3578,11,17,4,4,1,3,9,12,332.3753914833069,4105.557510137558,True,v2,original_ranking,4,"[(9, 5), (6, 5), (9, 1), (0, 1)]",0.0746371746063232,60.69430279731751,-124.6622258749537
8,0.5,0.2353,0.1053,0.5,0.2353,0.32,13.0,49.0,sachs,2656,11,17,4,4,1,3,9,12,332.3753914833069,4084.126005649567,True,v2,original_ranking,8,"[(9, 5), (6, 5), (4, 7), (2, 7), (3, 7), (0, 7), (8, 7), (8, 2)]",0.0727541446685791,58.1685209274292,-9.035225975816951
7,0.8571,0.0588,0.1579,0.1429,0.0588,0.0833,21.0,47.0,sachs,2688,11,17,4,4,1,3,9,12,332.3753914833069,4095.488079309464,True,v2,original_ranking,7,"[(3, 0), (10, 0), (7, 0), (9, 0), (8, 0), (0, 1), (9, 1)]",0.0833990573883056,78.0102927684784,49.8408323568776
6,0.8333,0.0588,0.1316,0.1667,0.0588,0.087,19.0,49.0,sachs,2494,11,17,4,4,1,3,9,12,332.3753914833069,4077.8442044258118,True,v2,original_ranking,6,"[(4, 0), (3, 0), (4, 7), (3, 7), (8, 10), (4, 10)]",0.07402753829956055,58.094937801361084,-37.65719157105425
