nnz,fdr,tpr,fpr,precision,recall,F1,shd,sid_low,sid_high,dataset,seed,n_nodes,n_edges,neighbourhood_n_nodes,max_cycle_length,max_ct_depth,max_path_length,max_c_set_size,search_depth,elapsed_bsaf_creation,elapsed_model_solution,is_converged,fact_ranking_method,model_ranking_method,num_edges_est,best_model,aba_elapsed,ranking_elapsed,best_I
21,0.7619,0.2941,0.4211,0.1905,0.2353,0.2105,22.0,46.0,56.0,sachs,183,11,17,4,4,1,3,9,5,329.3802647590637,4091.0987701416016,True,v2,original_ranking,21,"[(4, 9), (5, 9), (4, 6), (4, 7), (2, 7), (0, 7), (5, 6), (10, 7), (8, 7), (1, 7), (3, 7), (1, 4), (8, 2), (0, 2), (8, 10), (0, 10), (1, 3), (0, 3), (8, 3), (0, 8), (10, 3)]",0.0439894199371337,44.12046432495117,103.75687780700387
22,0.7727,0.2941,0.4474,0.0909,0.1176,0.1026,25.0,46.0,51.0,sachs,7977,11,17,4,4,1,3,9,5,329.3802647590637,4100.560633897781,True,v2,original_ranking,22,"[(1, 9), (1, 5), (4, 8), (10, 8), (1, 2), (4, 3), (1, 3), (1, 6), (10, 2), (4, 0), (10, 0), (10, 3), (4, 7), (10, 7), (1, 7), (1, 8), (1, 0), (7, 2), (3, 2), (7, 8), (4, 10), (7, 3)]",0.082780122756958,80.05697536468506,169.10737921447856
20,0.75,0.2941,0.3947,0.25,0.2941,0.2703,29.0,38.0,38.0,sachs,3199,11,17,4,4,1,3,9,5,329.3802647590637,4109.780269622803,True,v2,original_ranking,20,"[(4, 10), (1, 0), (3, 0), (3, 10), (1, 10), (4, 0), (7, 0), (7, 10), (8, 0), (8, 10), (5, 6), (2, 4), (5, 7), (2, 7), (5, 8), (5, 1), (2, 1), (5, 3), (9, 6), (3, 4)]",0.0718166828155517,71.39925909042358,145.11279656591628
21,0.7143,0.3529,0.3947,0.2381,0.2941,0.2632,26.0,43.0,52.0,sachs,316,11,17,4,4,1,3,9,5,329.3802647590637,4087.623901367188,True,v2,original_ranking,21,"[(9, 5), (6, 5), (5, 7), (4, 7), (0, 7), (9, 3), (2, 7), (1, 7), (8, 7), (9, 10), (1, 10), (0, 10), (8, 10), (4, 10), (2, 3), (1, 3), (0, 3), (8, 3), (1, 4), (1, 8), (1, 0)]",0.0900392532348632,83.11208081245422,220.21446105975477
24,0.5,0.7059,0.3158,0.2083,0.2941,0.2439,19.0,17.0,51.0,sachs,8266,11,17,4,4,1,3,9,5,329.3802647590637,4094.588037967682,True,v2,original_ranking,24,"[(4, 2), (1, 2), (8, 2), (0, 2), (3, 2), (7, 2), (3, 4), (10, 4), (1, 4), (0, 1), (3, 1), (7, 1), (10, 1), (8, 1), (3, 0), (6, 9), (10, 0), (6, 5), (3, 8), (3, 7), (10, 8), (10, 7), (9, 5), (10, 3)]",0.07575726509094238,73.62627172470093,189.59066015365525
