nnz,fdr,tpr,fpr,precision,recall,F1,shd,sid_low,sid_high,dataset,seed,n_nodes,n_edges,neighbourhood_n_nodes,max_cycle_length,max_ct_depth,max_path_length,max_c_set_size,search_depth,elapsed_bsaf_creation,elapsed_model_solution,is_converged,fact_ranking_method,model_ranking_method,num_edges_est,best_model,aba_elapsed,ranking_elapsed,best_I
18,0.3333,0.7059,0.1579,0.0556,0.0588,0.0571,11.0,22.0,56.0,sachs,5864,11,17,4,4,1,3,9,5,334.540864944458,4197.741773605347,True,v2,original_ranking,18,"[(8, 4), (1, 4), (3, 4), (8, 10), (1, 10), (3, 2), (1, 2), (8, 7), (1, 7), (3, 7), (1, 0), (3, 10), (9, 5), (6, 5), (8, 1), (3, 1), (6, 9), (3, 8)]",0.0748827457427978,82.88215517997742,216.36339100112707
23,0.5652,0.5882,0.3421,0.1304,0.1765,0.15,21.0,23.0,55.0,sachs,606,11,17,4,4,1,3,9,5,334.540864944458,4230.306787252426,True,v2,original_ranking,23,"[(9, 5), (6, 5), (4, 2), (4, 7), (10, 7), (3, 2), (0, 2), (1, 7), (1, 2), (2, 7), (8, 2), (8, 7), (4, 8), (4, 1), (10, 1), (10, 3), (4, 3), (4, 0), (1, 8), (1, 0), (9, 6), (3, 0), (4, 10)]",0.0802252292633056,70.94411325454712,183.43606786961945
22,0.5455,0.5882,0.3158,0.1364,0.1765,0.1538,18.0,20.0,59.0,sachs,1933,11,17,4,4,1,3,9,5,334.540864944458,4278.48922586441,True,v2,original_ranking,22,"[(9, 5), (6, 5), (10, 3), (0, 3), (2, 3), (1, 3), (10, 7), (0, 7), (10, 4), (0, 4), (10, 8), (0, 8), (10, 2), (0, 2), (0, 1), (10, 1), (2, 7), (1, 8), (8, 4), (8, 7), (9, 6), (10, 0)]",0.0742692947387695,76.57179307937622,214.13605995669133
26,0.6923,0.4706,0.4737,0.1923,0.2941,0.2326,27.0,31.0,45.0,sachs,6071,11,17,4,4,1,3,9,5,334.540864944458,4225.805710315704,True,v2,original_ranking,26,"[(3, 4), (1, 4), (3, 7), (9, 4), (1, 7), (8, 7), (5, 4), (10, 7), (10, 4), (0, 7), (2, 4), (2, 7), (0, 4), (9, 5), (6, 5), (2, 10), (1, 10), (3, 10), (3, 0), (2, 0), (3, 8), (1, 0), (1, 8), (8, 10), (3, 1), (2, 1)]",0.0717322826385498,74.27920007705688,186.05439759226704
20,0.65,0.4118,0.3421,0.2,0.2353,0.2162,23.0,34.0,45.0,sachs,5504,11,17,4,4,1,3,9,5,334.540864944458,4402.081380605698,True,v2,original_ranking,20,"[(6, 5), (8, 0), (10, 0), (3, 0), (8, 7), (10, 7), (3, 7), (10, 1), (8, 1), (2, 7), (2, 1), (3, 1), (4, 7), (4, 0), (6, 9), (10, 4), (3, 4), (8, 3), (10, 3), (9, 5)]",0.09173846244812012,88.95704531669617,226.3725018862264
