nnz,fdr,tpr,fpr,precision,recall,F1,shd,sid,dataset,seed,n_nodes,n_edges,neighbourhood_n_nodes,max_cycle_length,max_ct_depth,max_path_length,max_c_set_size,search_depth,elapsed_bsaf_creation,elapsed_model_solution,is_converged,fact_ranking_method,model_ranking_method,num_edges_est,best_model,aba_elapsed,ranking_elapsed,best_I
18,0.6111,0.4118,0.2895,0.3889,0.4118,0.4,16.0,48.0,sachs,5864,11,17,4,4,1,3,9,5,334.540864944458,4197.741773605347,True,v2,original_ranking,18,"[(8, 4), (1, 4), (3, 4), (8, 10), (1, 10), (3, 2), (1, 2), (8, 7), (1, 7), (3, 7), (1, 0), (3, 10), (9, 5), (6, 5), (8, 1), (3, 1), (6, 9), (3, 8)]",0.0748827457427978,82.88215517997742,216.36339100112707
23,0.6957,0.4118,0.4211,0.3043,0.4118,0.35,21.0,42.0,sachs,606,11,17,4,4,1,3,9,5,334.540864944458,4230.306787252426,True,v2,original_ranking,23,"[(9, 5), (6, 5), (4, 2), (4, 7), (10, 7), (3, 2), (0, 2), (1, 7), (1, 2), (2, 7), (8, 2), (8, 7), (4, 8), (4, 1), (10, 1), (10, 3), (4, 3), (4, 0), (1, 8), (1, 0), (9, 6), (3, 0), (4, 10)]",0.0802252292633056,70.94411325454712,183.43606786961945
22,0.7273,0.3529,0.4211,0.2727,0.3529,0.3077,21.0,45.0,sachs,1933,11,17,4,4,1,3,9,5,334.540864944458,4278.48922586441,True,v2,original_ranking,22,"[(9, 5), (6, 5), (10, 3), (0, 3), (2, 3), (1, 3), (10, 7), (0, 7), (10, 4), (0, 4), (10, 8), (0, 8), (10, 2), (0, 2), (0, 1), (10, 1), (2, 7), (1, 8), (8, 4), (8, 7), (9, 6), (10, 0)]",0.0742692947387695,76.57179307937622,214.13605995669133
26,0.7692,0.3529,0.5263,0.2308,0.3529,0.2791,24.0,44.0,sachs,6071,11,17,4,4,1,3,9,5,334.540864944458,4225.805710315704,True,v2,original_ranking,26,"[(3, 4), (1, 4), (3, 7), (9, 4), (1, 7), (8, 7), (5, 4), (10, 7), (10, 4), (0, 7), (2, 4), (2, 7), (0, 4), (9, 5), (6, 5), (2, 10), (1, 10), (3, 10), (3, 0), (2, 0), (3, 8), (1, 0), (1, 8), (8, 10), (3, 1), (2, 1)]",0.0717322826385498,74.27920007705688,186.05439759226704
20,0.7,0.3529,0.3684,0.3,0.3529,0.3243,20.0,40.0,sachs,5504,11,17,4,4,1,3,9,5,334.540864944458,4402.081380605698,True,v2,original_ranking,20,"[(6, 5), (8, 0), (10, 0), (3, 0), (8, 7), (10, 7), (3, 7), (10, 1), (8, 1), (2, 7), (2, 1), (3, 1), (4, 7), (4, 0), (6, 9), (10, 4), (3, 4), (8, 3), (10, 3), (9, 5)]",0.09173846244812012,88.95704531669617,226.3725018862264
