nnz,fdr,tpr,fpr,precision,recall,F1,shd,sid,dataset,seed,n_nodes,n_edges,neighbourhood_n_nodes,max_cycle_length,max_ct_depth,max_path_length,max_c_set_size,search_depth,elapsed_bsaf_creation,elapsed_model_solution,is_converged,fact_ranking_method,model_ranking_method,num_edges_est,best_model,aba_elapsed,ranking_elapsed,best_I
12,0.75,0.375,0.45,0.25,0.375,0.3,12.0,14.0,asia,1428,8,8,6,6,3,5,6,5,778.8514497280121,6264.968365907669,True,v2,original_ranking,12,"[(7, 3), (6, 3), (6, 1), (2, 1), (4, 1), (1, 3), (7, 2), (5, 2), (5, 1), (6, 7), (4, 7), (5, 4)]",0.0244593620300292,11.596879720687866,88.46441581165301
12,0.75,0.375,0.45,0.25,0.375,0.3,12.0,13.0,asia,8328,8,8,6,6,3,5,6,5,778.8514497280121,6240.423859357834,True,v2,original_ranking,12,"[(7, 3), (6, 3), (6, 2), (4, 2), (7, 2), (4, 3), (4, 5), (6, 7), (4, 7), (4, 1), (5, 2), (5, 1)]",0.0229320526123046,12.206770420074465,91.15540924757124
12,0.75,0.375,0.45,0.25,0.375,0.3,14.0,12.0,asia,8289,8,8,6,6,3,5,6,5,778.8514497280121,6383.014027357101,True,v2,original_ranking,12,"[(5, 2), (4, 2), (5, 0), (5, 6), (4, 6), (5, 7), (4, 7), (5, 3), (4, 3), (5, 1), (4, 1), (5, 4)]",0.0252983570098876,18.521833658218384,69.87386819297177
13,0.7692,0.375,0.5,0.2308,0.375,0.2857,12.0,27.0,asia,5978,8,8,6,6,3,5,6,5,778.8514497280121,6164.427350997925,True,v2,original_ranking,13,"[(7, 3), (6, 3), (2, 5), (7, 5), (1, 5), (4, 5), (4, 3), (4, 7), (2, 7), (2, 4), (1, 4), (6, 2), (1, 2)]",0.026616096496582,11.618166446685793,74.72425733831025
12,0.6667,0.5,0.4,0.3333,0.5,0.4,9.0,17.0,asia,5511,8,8,6,6,3,5,6,5,778.8514497280121,6330.4048635959625,True,v2,original_ranking,12,"[(6, 7), (4, 7), (6, 2), (4, 2), (4, 1), (6, 3), (4, 3), (6, 0), (4, 5), (7, 3), (5, 1), (1, 2)]",0.026256561279296875,15.577719449996948,102.13323416678544
