nnz,fdr,tpr,fpr,precision,recall,F1,shd,sid,dataset,seed,n_nodes,n_edges,neighbourhood_n_nodes,max_cycle_length,max_ct_depth,max_path_length,max_c_set_size,search_depth,elapsed_bsaf_creation,elapsed_model_solution,is_converged,fact_ranking_method,model_ranking_method,num_edges_est,best_model,aba_elapsed,ranking_elapsed,best_I
13,0.9231,0.125,0.6,0.0769,0.125,0.0952,16.0,36.0,asia,5163,8,8,6,6,3,5,6,5,813.9291541576385,6779.748576402664,True,v2,original_ranking,13,"[(6, 3), (2, 3), (6, 1), (2, 1), (6, 7), (2, 7), (6, 5), (2, 5), (6, 4), (2, 4), (4, 7), (3, 4), (2, 6)]",0.0227258205413818,15.289472103118896,71.79672434589935
15,0.8667,0.25,0.65,0.1333,0.25,0.1739,17.0,24.0,asia,2406,8,8,6,6,3,5,6,5,813.9291541576385,6167.986657142639,True,v2,original_ranking,15,"[(6, 5), (3, 5), (7, 5), (1, 5), (6, 4), (1, 4), (7, 2), (6, 2), (3, 2), (5, 2), (2, 4), (6, 3), (7, 3), (6, 7), (1, 3)]",0.0226776599884033,9.13329029083252,75.11031801071498
17,0.9412,0.125,0.8,0.0588,0.125,0.08,20.0,26.0,asia,304,8,8,6,6,3,5,6,5,813.9291541576385,6103.170438051224,True,v2,original_ranking,17,"[(6, 2), (4, 2), (7, 2), (3, 2), (5, 2), (4, 7), (1, 7), (0, 7), (6, 7), (5, 7), (6, 1), (4, 1), (3, 1), (4, 5), (3, 6), (6, 4), (3, 4)]",0.029306411743164,13.665183544158936,95.12601727925768
13,0.9231,0.125,0.6,0.0769,0.125,0.0952,16.0,24.0,asia,3391,8,8,6,6,3,5,6,5,813.9291541576385,6122.363751411438,True,v2,original_ranking,13,"[(7, 3), (6, 3), (2, 3), (4, 1), (3, 1), (5, 3), (5, 6), (4, 6), (4, 7), (7, 2), (7, 6), (6, 2), (4, 5)]",0.0229740142822265,9.995994329452516,74.9432616797385
15,0.8667,0.25,0.65,0.1333,0.25,0.1739,16.0,16.0,asia,359,8,8,6,6,3,5,6,5,813.9291541576385,5995.682079076767,True,v2,original_ranking,15,"[(7, 3), (6, 3), (1, 3), (4, 3), (2, 3), (5, 3), (6, 1), (4, 1), (6, 2), (4, 2), (7, 2), (7, 5), (4, 5), (4, 7), (6, 7)]",0.024033784866333008,11.439511060714722,76.79220673071194
