nnz,fdr,tpr,fpr,precision,recall,F1,shd,sid,dataset,seed,n_nodes,n_edges,neighbourhood_n_nodes,max_cycle_length,max_ct_depth,max_path_length,max_c_set_size,search_depth,elapsed_bsaf_creation,elapsed_model_solution,is_converged,fact_ranking_method,model_ranking_method,num_edges_est,best_model,aba_elapsed,ranking_elapsed,best_I
21,0.9524,0.0588,0.5263,0.0476,0.0588,0.0526,28.0,54.0,sachs,1532,11,17,4,4,1,3,9,5,337.12067699432373,4204.258868932724,True,v2,original_ranking,21,"[(0, 8), (1, 8), (6, 5), (9, 8), (9, 7), (4, 7), (1, 2), (0, 2), (1, 10), (0, 7), (0, 10), (3, 8), (4, 8), (1, 7), (3, 7), (3, 10), (4, 1), (0, 1), (3, 4), (0, 4), (0, 3)]",0.0697922706604003,69.4821629524231,149.3822648116236
19,0.6316,0.4118,0.3158,0.3684,0.4118,0.3889,17.0,47.0,sachs,1009,11,17,4,4,1,3,9,5,337.12067699432373,4179.105459213257,True,v2,original_ranking,19,"[(1, 2), (3, 2), (1, 0), (3, 7), (1, 7), (3, 10), (1, 10), (1, 4), (3, 4), (3, 8), (1, 8), (8, 4), (8, 10), (8, 7), (9, 6), (9, 5), (5, 0), (3, 1), (5, 6)]",0.0857589244842529,98.65563535690308,214.69091848125967
22,0.7273,0.3529,0.4211,0.2727,0.3529,0.3077,20.0,48.0,sachs,2250,11,17,4,4,1,3,9,5,337.12067699432373,4193.327565908432,True,v2,original_ranking,22,"[(9, 5), (6, 5), (3, 10), (1, 4), (0, 4), (3, 2), (1, 7), (0, 7), (0, 2), (3, 7), (8, 10), (0, 10), (8, 7), (1, 10), (3, 4), (2, 7), (8, 1), (3, 1), (3, 0), (6, 9), (3, 8), (1, 0)]",0.0733530521392822,78.77565455436707,179.94234943500254
23,0.7826,0.2941,0.4737,0.2174,0.2941,0.25,25.0,43.0,sachs,4447,11,17,4,4,1,3,9,5,337.12067699432373,4200.319226741791,True,v2,original_ranking,23,"[(3, 9), (3, 5), (1, 4), (10, 4), (3, 6), (1, 2), (10, 2), (7, 2), (3, 2), (7, 4), (7, 8), (10, 8), (1, 8), (3, 8), (7, 0), (3, 0), (10, 0), (1, 0), (9, 4), (7, 10), (3, 10), (1, 10), (1, 7)]",0.0928893089294433,92.5544764995575,190.36436640632203
21,0.6667,0.4118,0.3684,0.3333,0.4118,0.3684,18.0,39.0,sachs,2415,11,17,4,4,1,3,9,5,337.12067699432373,4238.658814430237,True,v2,original_ranking,21,"[(9, 5), (6, 5), (6, 9), (8, 7), (10, 7), (8, 2), (10, 2), (0, 2), (10, 1), (8, 4), (10, 4), (10, 3), (8, 1), (8, 3), (0, 7), (1, 7), (8, 0), (10, 0), (4, 7), (1, 3), (3, 2)]",0.09207415580749512,87.91210794448853,214.86439833971193
