nnz,fdr,tpr,fpr,precision,recall,F1,shd,sid_low,sid_high,dataset,seed,n_nodes,n_edges,neighbourhood_n_nodes,max_cycle_length,max_ct_depth,max_path_length,max_c_set_size,search_depth,elapsed_bsaf_creation,elapsed_model_solution,is_converged,fact_ranking_method,model_ranking_method,num_edges_est,best_model,aba_elapsed,ranking_elapsed,best_I
17,0.6471,0.75,0.55,0.2941,0.625,0.4,12.0,6.0,33.0,asia,3595,8,8,6,6,3,5,6,5,745.5733027458191,5991.706947803497,True,v2,original_ranking,17,"[(6, 1), (3, 1), (5, 1), (2, 1), (4, 1), (5, 3), (7, 3), (2, 3), (6, 3), (4, 3), (6, 0), (6, 2), (6, 7), (4, 7), (5, 7), (7, 2), (4, 5)]",0.0256407260894775,11.137457847595217,82.36459730066186
15,0.5333,0.875,0.4,0.2667,0.5,0.3478,12.0,1.0,37.0,asia,4187,8,8,6,6,3,5,6,5,745.5733027458191,6157.675405740738,True,v2,original_ranking,15,"[(6, 7), (4, 7), (4, 1), (3, 1), (4, 2), (3, 2), (3, 7), (6, 2), (6, 0), (4, 5), (5, 2), (5, 1), (4, 6), (3, 6), (4, 3)]",0.0240824222564697,10.732769250869753,76.30007409749741
14,0.7143,0.5,0.5,0.2143,0.375,0.2727,14.0,10.0,22.0,asia,4135,8,8,6,6,3,5,6,5,745.5733027458191,6634.223788261414,True,v2,original_ranking,14,"[(5, 2), (4, 2), (5, 7), (4, 7), (5, 1), (5, 3), (4, 3), (5, 6), (6, 1), (6, 2), (6, 0), (6, 3), (3, 1), (1, 7)]",0.0250008106231689,12.32581639289856,79.413286840778
16,0.6875,0.625,0.55,0.25,0.5,0.3333,17.0,16.0,39.0,asia,5174,8,8,6,6,3,5,6,5,745.5733027458191,6652.977412939072,True,v2,original_ranking,16,"[(5, 4), (2, 4), (5, 1), (2, 1), (5, 3), (5, 6), (2, 6), (1, 4), (7, 3), (1, 3), (0, 4), (0, 6), (7, 1), (5, 7), (5, 2), (7, 2)]",0.0306155681610107,13.816774606704712,88.4512699096396
10,0.6,0.5,0.3,0.2,0.25,0.2222,12.0,14.0,37.0,asia,5303,8,8,6,6,3,5,6,5,745.5733027458191,6026.0955464839935,True,v2,original_ranking,10,"[(7, 3), (6, 3), (2, 3), (3, 1), (2, 1), (3, 4), (6, 2), (5, 2), (5, 7), (2, 7)]",0.02330493927001953,11.139927387237549,79.51473233490637
