nnz,fdr,tpr,fpr,precision,recall,F1,shd,sid,dataset,seed,n_nodes,n_edges,neighbourhood_n_nodes,max_cycle_length,max_ct_depth,max_path_length,max_c_set_size,search_depth,elapsed_bsaf_creation,elapsed_model_solution,is_converged,fact_ranking_method,model_ranking_method,num_edges_est,best_model,aba_elapsed,ranking_elapsed,best_I
2,0.0,0.1176,0.0,1.0,0.1176,0.2105,15.0,51.0,sachs,8823,11,17,4,4,1,3,9,12,330.2995140552521,4108.771301269531,True,v2,original_ranking,2,"[(9, 5), (6, 5)]",0.0738301277160644,55.016353130340576,-142.75986815275252
2,1.0,0.0,0.0526,0.0,0.0,,17.0,55.0,sachs,4669,11,17,4,4,1,3,9,12,330.2995140552521,4101.909526586533,True,v2,original_ranking,2,"[(5, 9), (6, 9)]",0.0722441673278808,54.7855544090271,-122.8141681751084
7,0.2857,0.2941,0.0526,0.7143,0.2941,0.4167,14.0,41.0,sachs,6131,11,17,4,4,1,3,9,12,330.2995140552521,4081.095901727677,True,v2,original_ranking,7,"[(6, 5), (9, 5), (8, 2), (0, 2), (8, 10), (0, 10), (8, 7)]",0.0736126899719238,56.70867872238159,-86.67788193417286
2,0.0,0.1176,0.0,1.0,0.1176,0.2105,15.0,51.0,sachs,2617,11,17,4,4,1,3,9,12,330.2995140552521,4089.60376405716,True,v2,original_ranking,2,"[(9, 5), (6, 5)]",0.0748400688171386,56.26685905456543,-141.78534422666158
7,0.8571,0.0588,0.1579,0.1429,0.0588,0.0833,16.0,52.0,sachs,7166,11,17,4,4,1,3,9,12,330.2995140552521,4079.064606666565,True,v2,original_ranking,7,"[(4, 7), (0, 7), (8, 7), (3, 7), (2, 7), (1, 7), (10, 7)]",0.04760003089904785,42.02318334579468,34.36830168710429
