nnz,fdr,tpr,fpr,precision,recall,F1,shd,sid,dataset,seed,n_nodes,n_edges,neighbourhood_n_nodes,max_cycle_length,max_ct_depth,max_path_length,max_c_set_size,search_depth,elapsed_bsaf_creation,elapsed_model_solution,is_converged,fact_ranking_method,model_ranking_method,num_edges_est,best_model,aba_elapsed,ranking_elapsed,best_I
19,0.7368,0.2941,0.3684,0.2632,0.2941,0.2778,20.0,41.0,sachs,9096,11,17,4,4,1,3,9,5,325.18734097480774,4094.6341712474814,True,v2,original_ranking,19,"[(2, 3), (7, 3), (10, 3), (0, 3), (8, 3), (1, 3), (10, 2), (9, 2), (4, 7), (9, 7), (10, 7), (6, 5), (0, 7), (8, 7), (1, 7), (4, 1), (4, 0), (8, 1), (0, 1)]",0.0651309490203857,74.51488399505615,174.65541034668826
27,0.8519,0.2353,0.6053,0.1481,0.2353,0.1818,28.0,46.0,sachs,3533,11,17,4,4,1,3,9,5,325.18734097480774,4085.6995561122894,True,v2,original_ranking,27,"[(6, 5), (9, 5), (10, 2), (1, 2), (4, 2), (8, 2), (6, 2), (6, 7), (4, 7), (0, 7), (3, 7), (3, 2), (1, 7), (10, 7), (1, 10), (8, 10), (3, 10), (4, 10), (0, 10), (1, 4), (3, 4), (8, 0), (3, 0), (4, 0), (3, 8), (1, 8), (1, 3)]",0.0940032005310058,77.9584367275238,237.5204438783652
22,0.5909,0.5294,0.3421,0.4091,0.5294,0.4615,15.0,38.0,sachs,4125,11,17,4,4,1,3,9,5,325.18734097480774,4096.157283067703,True,v2,original_ranking,22,"[(9, 5), (6, 5), (7, 0), (7, 8), (4, 8), (2, 8), (2, 0), (7, 10), (4, 1), (2, 1), (7, 1), (7, 3), (4, 3), (2, 3), (9, 6), (3, 0), (10, 8), (0, 8), (4, 7), (2, 7), (1, 0), (10, 3)]",0.0829179286956787,80.36165356636047,210.61656448055567
22,0.5455,0.5882,0.3158,0.4545,0.5882,0.5128,15.0,33.0,sachs,3094,11,17,4,4,1,3,9,5,325.18734097480774,4093.680565595627,True,v2,original_ranking,22,"[(2, 5), (2, 6), (8, 1), (2, 1), (8, 10), (0, 1), (0, 10), (3, 1), (3, 10), (9, 5), (8, 4), (0, 4), (7, 1), (7, 10), (7, 4), (9, 6), (7, 0), (8, 0), (8, 7), (3, 7), (3, 8), (6, 10)]",0.0607204437255859,56.29346799850464,151.63013460291447
20,0.75,0.2941,0.3947,0.25,0.2941,0.2703,22.0,48.0,sachs,6398,11,17,4,4,1,3,9,5,325.18734097480774,4094.8700098991394,True,v2,original_ranking,20,"[(1, 5), (3, 5), (3, 6), (1, 0), (1, 7), (3, 7), (9, 5), (1, 8), (1, 2), (3, 8), (3, 2), (3, 10), (1, 10), (3, 4), (1, 4), (4, 0), (4, 7), (8, 7), (9, 6), (3, 1)]",0.06835508346557617,76.47993159294128,164.7068453919649
